id,title,url,group_id,thumbnail_url,icon,color_gradient,clicks,enabled,display_order,is_internal,created_at,updated_at,subtitle,is_featured,card_height,event_id,card_width,override_date,override_time,manual_order_override
"946758cc-400b-427f-8e41-747ce7387a06","D.EDGE apres. Moving","bit.ly/MDAccula_DEdge_listas","dd88fff8-b138-44a3-bcf4-1139823049ac","https://nzbyyuqvhrwatmydxiag.supabase.co/storage/v1/object/public/event-images/1771456898952-xc46bf.png","Calendar","from-purple-500 to-pink-500",2,true,1771545540,false,"2026-02-17T06:00:10.085016+00:00","2026-02-18T23:21:55.840911+00:00","📄 Listas VIP Fem / Consuma Masc pelo link: ",false,60,"8df61458-e5e8-4be5-b8e6-2c61f4125961",650,"","",false
"3d7c4a60-3b0a-4e0c-b003-50a466f452db","Instagram","https://instagram.com/mdaccula","25a6f7ba-d511-424a-b08a-d3c8682dbfad","","Instagram","",0,true,1,false,"2025-11-15T13:42:26.22438+00:00","2025-12-10T14:27:36.468731+00:00","",false,"","",700,"","",false
"b4734170-29e2-4a2d-849f-c9e7bf84f4c7","D.EDGE apres. Moving","bit.ly/MDAccula_DEdge_listas","dd88fff8-b138-44a3-bcf4-1139823049ac","https://nzbyyuqvhrwatmydxiag.supabase.co/storage/v1/object/public/event-images/1770209094772-tqz9e.png","Calendar","from-purple-500 to-pink-500",2,true,9,false,"2026-02-03T06:00:02.75961+00:00","2026-02-10T14:48:34.844691+00:00","📄 Listas VIP Fem / Consuma Masc pelo link: ",false,60,"46be58bc-ae2a-420a-8cbb-5b71279c8304",650,"","",false
"2b630535-926d-4dbc-804e-4999a866bfc2","D.EDGE apres. SuperAfter","bit.ly/MDAccula_DEdge_listas","dd88fff8-b138-44a3-bcf4-1139823049ac","https://nzbyyuqvhrwatmydxiag.supabase.co/storage/v1/object/public/event-images/1770209127613-v3of7.png","Calendar","from-purple-500 to-pink-500",4,true,12,false,"2026-02-03T06:00:03.338718+00:00","2026-02-10T14:48:35.609995+00:00","📄 Listas VIP Fem / Consuma Masc pelo link: ",false,60,"7a51adf9-d764-4b5d-a5f9-63d2699bda52",650,"","",false
"ddfd67a3-bcfe-4082-bef6-fc2f3e810452","🟩 D.Edge Festival | 02/04 | 22h","https://bit.ly/MDAccula_0204_DedgeFest","8f5bcf9f-8dc1-4f2f-b3b7-60d2f4f72816","https://nzbyyuqvhrwatmydxiag.supabase.co/storage/v1/object/public/event-images/1769426056774-nqo9o.jpeg","Calendar","",3,true,1775178000,false,"2026-01-26T11:14:21.64328+00:00","2026-02-03T18:04:00.746807+00:00","🎟️ Compre 10% OFF pelo link: ",false,80,"e05748ed-07d5-4843-89b8-864bb4344d67",650,"","",false
"9dab6ac6-ce91-474e-b58c-3d12b8a85c8a","BOMA Carnario - Jamie Jones","https://bit.ly/MDAccula_1302_BOMARJ","bd915876-c621-4710-b9d6-e67b06b8156c","https://nzbyyuqvhrwatmydxiag.supabase.co/storage/v1/object/public/link-thumbnails/0067cd08-9c5c-4e16-9563-7f55134ba3a9.webp","Calendar","",2,true,1771020000,false,"2026-01-15T12:52:50.156394+00:00","2026-02-13T23:21:42.927131+00:00","🎟 Compre com DESCONTO pelo link:",false,80,"4ade94b6-edbd-4790-b861-a9e72e0e3662",650,"","",false
"c0934f8d-39bc-4113-b052-6863a5028bc1","D.EDGE apres. Moving","bit.ly/MDAccula_DEdge_listas","dd88fff8-b138-44a3-bcf4-1139823049ac","https://nzbyyuqvhrwatmydxiag.supabase.co/storage/v1/object/public/event-images/0.8762608676338589.webp","Calendar","from-purple-500 to-pink-500",0,false,14,false,"2026-02-10T06:00:04.951752+00:00","2026-02-10T14:48:36.019271+00:00","📄 Listas VIP Fem / Consuma Masc pelo link: ",false,60,"",650,"","",false
"9bd72144-b9dc-4a8b-8457-072d6851e012","D.EDGE apres. FreakChic","bit.ly/MDAccula_DEdge_listas","dd88fff8-b138-44a3-bcf4-1139823049ac","https://nzbyyuqvhrwatmydxiag.supabase.co/storage/v1/object/public/event-images/1771456911159-hk84fe.png","Calendar","from-purple-500 to-pink-500",2,true,1771631940,false,"2026-02-17T06:00:10.241605+00:00","2026-02-19T02:58:38.08141+00:00","📄 Listas VIP Fem / Consuma Masc pelo link: ",false,60,"f247f0fa-c1fb-49b5-be2c-c11f05a6f3d3",650,"","",false
"62bfa7c5-98ef-4133-8e3b-e8c83cee052d","DNA Art Car","https://bit.ly/MDAccula_1701_DNABC","57ff6618-6288-42e7-aa04-55311db22f8b","https://nzbyyuqvhrwatmydxiag.supabase.co/storage/v1/object/public/event-images/1765901260375-mbf1uk.jpg","Calendar","",11,true,1768683600,false,"2025-12-16T16:09:54.589284+00:00","2026-01-14T23:11:22.178153+00:00","‼️ TEMOS COM DESCONTO VIA PIX!!",false,80,"32852322-7009-4872-afe0-9f7f1520dee6",650,"","",false
"069851b9-3489-4e60-8361-d36f2d908258","A Liga","https://bit.ly/MDAccula_1302_ALIGA","bd915876-c621-4710-b9d6-e67b06b8156c","https://nzbyyuqvhrwatmydxiag.supabase.co/storage/v1/object/public/link-thumbnails/22f3a230-f3fc-47a7-91ea-edf62a5b0387.jpeg","Calendar","",13,true,1771020000,false,"2026-01-07T12:48:41.834369+00:00","2026-02-14T02:01:04.494515+00:00","🎟️ Compre pelo link:",false,80,"5f9c4946-8b8e-4c92-9035-5e6b148eadff",650,"","",false
"ca2a2d8b-c91d-4162-9bda-f6978364b21b","BOMA Carnario apres. Kolsch 🇩🇪, Maz, Antdot,","https://bit.ly/MDAccula_2102_BOMARJ","bd915876-c621-4710-b9d6-e67b06b8156c","https://nzbyyuqvhrwatmydxiag.supabase.co/storage/v1/object/public/event-images/1768482367099-a1ygx8.webp","Calendar","",1,true,1771711200,false,"2026-01-15T13:05:15.175173+00:00","2026-02-14T15:19:16.314889+00:00","🎟 Compre com DESCONTO pelo link: ",false,80,"7a70fa0d-a0ad-4097-ac12-715e1cc4f61c",650,"","",false
"61c54b6a-484e-49aa-814c-9f8d72d26887","Compre com Taxa Reduzida via PIX","http://bit.ly/Contato_MD","8743ca78-8de4-4887-a8d2-2fd8728fabb7","https://nzbyyuqvhrwatmydxiag.supabase.co/storage/v1/object/public/link-thumbnails/55cea223-8370-4d87-9b51-872b1c6c2201.jpeg","ExternalLink","from-indigo-500 to-purple-500",77,true,5,false,"2025-12-10T12:04:07.290247+00:00","2026-02-17T20:08:32.337246+00:00","Desconto de 5% via PIX",false,"","",700,"","",true
"2128169a-c1f5-40af-b645-a75cf9008c63","Todayland","https://bit.ly/MDAccula_1212_Todayland","e53696d1-d834-48da-a140-1feb43efd00d","https://nzbyyuqvhrwatmydxiag.supabase.co/storage/v1/object/public/event-images/1763519102389-k0abs.jpeg","Calendar","",0,true,1765576800,false,"2025-11-19T02:25:18.727527+00:00","2025-12-25T21:02:51.987617+00:00","🎟️ Compre 5% OFF pelo link",false,"","caf148bd-ac1e-49fa-9ae8-cb5e14872bbf",700,"","",false
"bf88e6c5-efc8-40b2-abae-569a28d2efec","🔵 Sirius | 21/03 | 20h","https://bit.ly/MDAccula_2103_Sirius","ef8db98f-39a9-48db-9fb8-05b33ebc408c","https://nzbyyuqvhrwatmydxiag.supabase.co/storage/v1/object/public/event-images/1769597846008-iighbou.jpeg","Calendar","",1,true,1774134000,false,"2026-01-28T10:57:35.993008+00:00","2026-02-18T05:29:16.174342+00:00","🎟️ Compre pelo link:",false,80,"e6edd234-2c0b-483d-810c-1f4085dc1334",650,"","",false
"85b95c37-8a87-4390-a1fb-f0d586503dca","🐉 Warung Day Festival","https://bit.ly/MDAccula_0205_WarungDay","dc8b1140-4b65-40da-b47f-33722b603be0","https://nzbyyuqvhrwatmydxiag.supabase.co/storage/v1/object/public/event-images/1768997418333-mqb10v.jpeg","Calendar","",2,true,1777734000,false,"2026-01-21T12:09:36.971148+00:00","2026-02-04T15:39:38.725044+00:00","🎟 Compre pelo link: ",false,80,"18fa3384-3422-4e17-8584-ae8f9c1f2f53",650,"","",false
"5b5db775-4d67-4e0b-b8d4-af59d2e1896f","Parador Pascoa apres. Departamento","https://bit.ly/MDAccula_0404_Parador","8f5bcf9f-8dc1-4f2f-b3b7-60d2f4f72816","https://nzbyyuqvhrwatmydxiag.supabase.co/storage/v1/object/public/event-images/1770822777177-icg75h.png","Calendar","",0,true,1775318400,false,"2026-02-11T15:13:06.22397+00:00","2026-02-14T15:21:20.176307+00:00","🎟️ Compre 5% OFF pelo link: ",false,80,"11d6a203-a0fa-4e27-8ba3-c40425a24bdd",650,"","",false
"cfb90dbe-10be-47be-a278-d825c29202af","Parador Pascoa - Pacote 2 Dias","https://bit.ly/MDAccula_Pascoa26_Parador","8f5bcf9f-8dc1-4f2f-b3b7-60d2f4f72816","https://nzbyyuqvhrwatmydxiag.supabase.co/storage/v1/object/public/event-images/1770822711233-xw2bkb.png","Calendar","",2,true,1775232000,false,"2026-02-11T15:12:00.471826+00:00","2026-02-19T00:45:58.357099+00:00","🎟️ Compre 5% OFF pelo link: ",false,80,"5147eeff-4994-4338-bfcc-2b12b856a55a",650,"","",false
"76348a46-05a5-40e6-bed5-d42a59edacc3","Surreal apres. Trotamundo + Bells","https://bit.ly/MDAccula_Surreal25","57ff6618-6288-42e7-aa04-55311db22f8b","https://nzbyyuqvhrwatmydxiag.supabase.co/storage/v1/object/public/event-images/1767795271596-1i4gz.jpeg","Calendar","",1,true,1768615200,false,"2026-01-07T14:14:19.814008+00:00","2026-01-13T20:27:59.779898+00:00","🎟️ Compre 5% OFF pelo link: ",false,80,"a2b5edc1-7ffd-43cc-ab62-bc0bf592317b",650,"","",false
"95d570df-6787-4589-8f8b-e7eb79f37790","BOMA Carnario - Black Coffe","https://bit.ly/MDAccula_1402_BOMARJ","bd915876-c621-4710-b9d6-e67b06b8156c","https://nzbyyuqvhrwatmydxiag.supabase.co/storage/v1/object/public/link-thumbnails/d1e6e1c4-f719-494d-838d-1632e55e499e.jpeg","Calendar","",0,true,1771106400,false,"2026-01-15T12:54:48.999564+00:00","2026-02-11T15:19:25.200208+00:00","🎟 Compre com DESCONTO pelo link:",false,80,"2e5bd1ea-2533-444f-b49a-42a619380d86",650,"","",false
"00e2f1d1-0e3e-48cc-a11a-9b1919fb2fe9","D.EDGE apres. FreakChic","bit.ly/MDAccula_DEdge_listas","dd88fff8-b138-44a3-bcf4-1139823049ac","https://nzbyyuqvhrwatmydxiag.supabase.co/storage/v1/object/public/event-images/1770209103684-yvovw.png","Calendar","from-purple-500 to-pink-500",3,true,10,false,"2026-02-03T06:00:02.93643+00:00","2026-02-10T14:48:35.110857+00:00","📄 Listas VIP Fem / Consuma Masc pelo link: ",false,60,"cd47215c-a3da-429b-bad1-307c14651961",650,"","",false
"6cb7b3cd-ffd9-44f0-9849-dbeb5b768401","D.EDGE apres. FreakChic","bit.ly/MDAccula_DEdge_listas","dd88fff8-b138-44a3-bcf4-1139823049ac","https://nzbyyuqvhrwatmydxiag.supabase.co/storage/v1/object/public/event-images/0.8762608676338589.webp","Calendar","from-purple-500 to-pink-500",0,false,15,false,"2026-02-10T06:00:05.097956+00:00","2026-02-10T14:48:36.252136+00:00","📄 Listas VIP Fem / Consuma Masc pelo link: ",false,60,"",650,"","",false
"23f5823e-daaf-4436-8b87-9ba14a67be2d","D.EDGE apres. Nave","bit.ly/MDAccula_DEdge_listas","dd88fff8-b138-44a3-bcf4-1139823049ac","https://nzbyyuqvhrwatmydxiag.supabase.co/storage/v1/object/public/event-images/1771456920193-4vmq3.png","Calendar","from-purple-500 to-pink-500",2,true,1771718340,false,"2026-02-17T06:00:10.374254+00:00","2026-02-19T14:18:04.066908+00:00","📄 Listas VIP Fem / Consuma Masc pelo link: ",false,60,"47c85ff5-5fe7-433b-bef5-75164ae8b08d",650,"","",false
"d3a75934-03b3-41f1-9e5f-e9b154481d58","🎭 Carnaval na Cidade","https://bit.ly/MDAccula_CNC26","bd915876-c621-4710-b9d6-e67b06b8156c","https://nzbyyuqvhrwatmydxiag.supabase.co/storage/v1/object/public/event-images/1769001295740-tk0hf8.jpeg","Calendar","",20,true,1771074000,false,"2026-01-21T13:13:49.810832+00:00","2026-02-14T15:27:34.947587+00:00","🚨 LOTE ANTERIOR PELO LINK!!",false,80,"3a9e68cd-b2d1-4a01-bb23-639782abe0ad",650,"","",false
"6898865d-869f-4521-95b2-202c659540f7","🦒 Aurea - Lista VIP Unissex","https://bit.ly/MDAccula_0702_AureaVIP","bd915876-c621-4710-b9d6-e67b06b8156c","https://nzbyyuqvhrwatmydxiag.supabase.co/storage/v1/object/public/event-images/1769428094667-s3bjic.jpeg","Calendar","",4,true,1770512400,false,"2026-01-26T11:48:11.432523+00:00","2026-02-08T05:45:55.635032+00:00","🎟️ Adquira sua CORTESIA pelo link",false,80,"bda5f824-267f-4903-9c60-19920c732f43",650,"","",false
"adbcbc75-c217-4559-ba9a-0727f3986988","🎉 Ame Laroc Festival","https://bit.ly/THP_ALF26","bd915876-c621-4710-b9d6-e67b06b8156c","https://nzbyyuqvhrwatmydxiag.supabase.co/storage/v1/object/public/event-images/1769598159056-33di8c.jpeg","Calendar","",10,true,1771084800,false,"2026-01-28T11:02:18.740431+00:00","2026-02-14T23:41:04.205104+00:00","🎟️ Compre com DESCONTO pelo link: ",false,80,"7f85f92c-ba6d-47bf-8d41-f47b6d53aa88",650,"","",false
"5acf33b1-c5f4-45db-8ed1-21727386dc9b","D.EDGE apres. SuperAfter","https://bit.ly/MDAccula_DEdge_listas","e53696d1-d834-48da-a140-1feb43efd00d","https://nzbyyuqvhrwatmydxiag.supabase.co/storage/v1/object/public/event-images/1765308861113-rd3ciq.jpg","Calendar","",0,true,1765688400,false,"2025-12-09T19:34:34.05729+00:00","2025-12-25T21:02:51.987617+00:00","📄 Listas VIP Fem/Consuma Masc pelo link",false,"","9125118d-246c-4ea2-9fce-f8847d6aa785",700,"","",false
"a8b09043-b1cc-459f-a903-6fce23484534","Caos Club","https://bit.ly/MDAccula_1312_Caos","e53696d1-d834-48da-a140-1feb43efd00d","https://nzbyyuqvhrwatmydxiag.supabase.co/storage/v1/object/public/event-images/1764246445039-stkqpn.jpeg","Calendar","",0,true,1765663200,false,"2025-11-27T12:27:18.429028+00:00","2025-12-25T21:02:51.987617+00:00","🎟️ Compre 5% OFF pelo link: ",false,"","332ef8fc-f609-4fca-a5ed-617f16e6cf00",700,"","",false
"f75b365a-78cf-43e1-9e3e-5ecfc0bacdb3","BOMA Carnario - Mochakk, Dennis Cruz","https://bit.ly/MDAccula_1602_BOMARJ","bd915876-c621-4710-b9d6-e67b06b8156c","https://nzbyyuqvhrwatmydxiag.supabase.co/storage/v1/object/public/link-thumbnails/60d18e55-44ee-4a97-b8b2-ddc05f973852.webp","Calendar","",4,true,1771279200,false,"2026-01-15T12:56:01.073687+00:00","2026-02-15T22:00:18.620961+00:00","🎟 Compre com DESCONTO pelo link:",false,80,"0bd78a8d-d694-45ba-9eff-88c510813895",650,"","",false
"2b20d66a-a308-4fa2-bfbc-3ce6ec82adbf","Surreal apres. Carnaval","https://bit.ly/MDAccula_Surreal25","bd915876-c621-4710-b9d6-e67b06b8156c","https://nzbyyuqvhrwatmydxiag.supabase.co/storage/v1/object/public/event-images/1770822803478-r1rnv.jpeg","Calendar","",5,true,1771196400,false,"2026-01-07T14:17:01.428334+00:00","2026-02-11T15:13:32.307716+00:00","🎟️ Compre 5% OFF pelo link: ",false,80,"dd377071-798a-42ee-ad42-0f403b696922",650,"","",false
"8014c910-506a-4a1f-b072-611d22889fa0","Parador Pascoa - Pacote 2 Dias","https://bit.ly/MDAccula_Pascoa26_Parador","0207c3d1-342a-4380-85a1-cf2daa14c4bc","https://nzbyyuqvhrwatmydxiag.supabase.co/storage/v1/object/public/event-images/1770822711233-xw2bkb.png","Calendar","",30,true,1775232000,false,"2026-02-11T15:20:34.334267+00:00","2026-02-18T18:16:57.028774+00:00","🎟️ Compre 5% OFF pelo link:",false,80,"5147eeff-4994-4338-bfcc-2b12b856a55a",650,"","",false
"19767712-271a-408c-87ff-afc0b8b8c88d","D.EDGE apres. FreakChic","bit.ly/MDAccula_DEdge_listas","dd88fff8-b138-44a3-bcf4-1139823049ac","https://nzbyyuqvhrwatmydxiag.supabase.co/storage/v1/object/public/event-images/1769551019802-bvp0f.png","Calendar","from-purple-500 to-pink-500",4,true,6,false,"2026-01-27T06:00:06.245165+00:00","2026-02-10T14:48:34.0346+00:00","",false,60,"bfa435f1-0b03-4463-842a-de095f9b1758",650,"","",false
"ca0a8ce2-5c82-4707-a8c0-4fa602f80e28","D.EDGE apres. SuperAfter","bit.ly/MDAccula_DEdge_listas","dd88fff8-b138-44a3-bcf4-1139823049ac","https://nzbyyuqvhrwatmydxiag.supabase.co/storage/v1/object/public/event-images/1769551066066-4e12sh.png","Calendar","from-purple-500 to-pink-500",1,true,8,false,"2026-01-27T06:00:07.200864+00:00","2026-02-10T14:48:34.59722+00:00","",false,60,"141c80e7-a32c-4f07-bf5f-e66ac615360c",650,"","",false
"52f1b525-7c2c-42b8-8777-1ddb7c601389","D.EDGE apres. SuperAfter","bit.ly/MDAccula_DEdge_listas","dd88fff8-b138-44a3-bcf4-1139823049ac","https://nzbyyuqvhrwatmydxiag.supabase.co/storage/v1/object/public/event-images/1771456932152-8e9u69.png","Calendar","from-purple-500 to-pink-500",1,true,1771736400,false,"2026-02-17T06:00:10.498304+00:00","2026-02-18T23:22:27.58564+00:00","📄 Listas VIP Fem / Consuma Masc pelo link: ",false,60,"0b71cafa-1195-4c5d-b512-6a7c17f7fd68",650,"","",false
"4871846b-72f7-49c7-ac29-b39ecc8698c4","D.EDGE apres. Nave","bit.ly/MDAccula_DEdge_listas","dd88fff8-b138-44a3-bcf4-1139823049ac","https://nzbyyuqvhrwatmydxiag.supabase.co/storage/v1/object/public/event-images/1770209115163-wq9vpi.png","Calendar","from-purple-500 to-pink-500",2,true,11,false,"2026-02-03T06:00:03.181877+00:00","2026-02-10T14:48:35.353151+00:00","📄 Listas VIP Fem / Consuma Masc pelo link: ",false,60,"c18d79fa-ee77-4699-a0c7-035c493e7357",650,"","",false
"b4bf8f29-bded-4ed0-9298-8631ac9273e7","🎉 Ame Laroc Festival - Domingo","https://bit.ly/THP_ALF26","bd915876-c621-4710-b9d6-e67b06b8156c","https://nzbyyuqvhrwatmydxiag.supabase.co/storage/v1/object/public/event-images/1770822414010-de1jpg.jpeg","Calendar","",2,true,1771178400,false,"2026-01-28T11:03:55.537845+00:00","2026-02-15T01:22:56.850418+00:00","🎟️ Compre com DESCONTO pelo link: ",false,80,"2b325fc9-895d-4667-a69f-ac6ff3c589ad",650,"","",false
"fd24b48b-c5fb-47ad-bbf1-2784c7a6fde9","🎭 Carnaval na Cidade","https://bit.ly/MDAccula_CNC26","bd915876-c621-4710-b9d6-e67b06b8156c","https://nzbyyuqvhrwatmydxiag.supabase.co/storage/v1/object/public/event-images/1770822388735-tss83d.jpeg","Calendar","",4,true,1771160400,false,"2026-01-21T13:14:39.261397+00:00","2026-02-15T20:05:12.217138+00:00","🚨 LOTE ANTERIOR PELO LINK!!",false,80,"de4d9313-8610-47ef-a44d-1cc91d0cf8af",650,"","",false
"73a7dd2a-4cfd-45da-aa32-8b2680a0e87f","D.EDGE apres. Nave","bit.ly/MDAccula_DEdge_listas","dd88fff8-b138-44a3-bcf4-1139823049ac","https://nzbyyuqvhrwatmydxiag.supabase.co/storage/v1/object/public/event-images/0.8762608676338589.webp","Calendar","from-purple-500 to-pink-500",0,false,16,false,"2026-02-10T06:00:05.268887+00:00","2026-02-10T14:48:37.761624+00:00","📄 Listas VIP Fem / Consuma Masc pelo link: ",false,60,"",650,"","",false
"c80f2339-277b-477c-ae73-d67b603f4604","D.EDGE apres. Unlimited","https://bit.ly/MDAccula_DEdge_listas","e53696d1-d834-48da-a140-1feb43efd00d","https://nzbyyuqvhrwatmydxiag.supabase.co/storage/v1/object/public/event-images/1764721072251-ol7h4.jpg","Calendar","",0,true,1765065540,false,"2025-12-03T00:18:20.863587+00:00","2025-12-25T21:02:51.987617+00:00","📄 Listas VIP Fem/Consuma Masc pelo link",false,"","8b2b5b5e-eae9-4123-aa36-84c6743344a3",700,"","",false
"cf42ea4b-ae0d-4c5e-8355-8338e36606de","Rooftech","https://bit.ly/MDAccula_2211_RoofTech_VIP","95c67a6a-6a7e-4332-aab0-9c37d90531b5","https://nzbyyuqvhrwatmydxiag.supabase.co/storage/v1/object/public/event-images/1763638720319-uft9j8.jpeg","Calendar","",0,true,1763841600,false,"2025-11-20T11:38:40.512233+00:00","2025-12-25T21:02:51.987617+00:00","🎟️ Compre 50% OFF pelo link:",false,"","335a7213-f9af-469b-9d33-46fdda6e512e",700,"","",false
"3cebc455-4673-4c93-8e88-1731a785dbc8","Entrar para Divulgação MDAccula (Masc, Fem e LGBQT)","https://mdaccula.com/r/Contato_MD_TP","bc385dc0-e65d-4232-b3e6-43abeb0a2da4","https://nzbyyuqvhrwatmydxiag.supabase.co/storage/v1/object/public/link-thumbnails/55cea223-8370-4d87-9b51-872b1c6c2201.jpeg","ExternalLink","from-pink-500 to-rose-500",350,true,2,false,"2025-11-19T00:56:51.855821+00:00","2026-02-19T10:30:50.96793+00:00","Seja um divulgador(a) MDAccula e tenha cortesia para os principais eventos!",false,"","",700,"","",true
"81d5c774-3941-4815-b03a-2b0d2e354a35","D-Rete inside D-Edge","https://bit.ly/MDAccula_1202_DRete26","dd88fff8-b138-44a3-bcf4-1139823049ac","https://nzbyyuqvhrwatmydxiag.supabase.co/storage/v1/object/public/event-images/1770734710262-yhik4c.png","Calendar","",5,true,13,false,"2026-02-03T13:05:20.367098+00:00","2026-02-12T02:34:17.875846+00:00","🎟️ Compre 10% OFF pelo link:",false,80,"561f97ae-63eb-4821-b2f8-2f85e6e2ec93",650,"","",true
"e69597bf-2609-488f-9177-653d5b78cd3a","🎉 Ame Laroc Festival - Segunda","https://bit.ly/THP_ALF26","bd915876-c621-4710-b9d6-e67b06b8156c","https://nzbyyuqvhrwatmydxiag.supabase.co/storage/v1/object/public/event-images/1771246624029-mln2j.jpeg","Calendar","",5,true,1771257600,false,"2026-01-28T11:04:37.176365+00:00","2026-02-17T00:42:08.279219+00:00","🎟️ Compre com DESCONTO pelo link: ",false,80,"cc94b880-520f-43e5-b208-ebfe5f3c78fb",650,"","",false
"f4d73daa-cd2b-41bb-9e20-8c45966685c3","Vintage Culture Guarujá","https://bit.ly/MDAccula_2912_VintageGuaru","67a9613d-824f-4dac-ad20-20ef1ff132e8","https://nzbyyuqvhrwatmydxiag.supabase.co/storage/v1/object/public/event-images/1766407093160-5ekf02.jpeg","Calendar","",2,true,1767020400,false,"2025-12-22T12:39:52.042308+00:00","2025-12-27T07:40:56.194583+00:00","🎟️ Compre pelo link: ",false,80,"4e95940f-4789-473c-affe-767f560b4b38",650,"","",false
"806fcd31-dab0-497b-a850-05ee3df94d46","Parador Pascoa apres. Vintage Culture","https://bit.ly/MDAccula_0304_Parador","0207c3d1-342a-4380-85a1-cf2daa14c4bc","https://nzbyyuqvhrwatmydxiag.supabase.co/storage/v1/object/public/event-images/1770822344792-g9ewv.png","Calendar","",36,true,1775232000,false,"2026-02-11T15:20:36.787576+00:00","2026-02-19T17:02:19.205392+00:00","🎟️ Compre 5% OFF pelo link:",false,80,"cc9a149b-690b-4528-a0c4-c7e8e98a521a",650,"","",false
"1f118171-5260-46d5-acf8-07e654d90a2c","Parador apres. Antdot, Bruno Be e+++","https://bit.ly/MDAccula_1502_Parador","0207c3d1-342a-4380-85a1-cf2daa14c4bc","https://nzbyyuqvhrwatmydxiag.supabase.co/storage/v1/object/public/event-images/1770822111019-g5okjf.png","Calendar","",1,true,1771171200,false,"2025-12-06T10:58:20.001148+00:00","2026-02-14T15:20:38.022949+00:00","🎟️ Compre 5% OFF pelo link:",false,"","8e6d6388-6f43-44af-a79e-1218df1cdd87",700,"","",false
"6af2c57b-9a3f-4dd5-84a4-9e99dbedb6d5","Caos Campinas apres. Patrice Baumel","https://bit.ly/MDAccula_2401_Caos","57ff6618-6288-42e7-aa04-55311db22f8b","https://nzbyyuqvhrwatmydxiag.supabase.co/storage/v1/object/public/event-images/1767809436665-k9sdho.jpeg","Calendar","",5,true,1769292000,false,"2026-01-07T18:10:35.196124+00:00","2026-01-23T20:11:18.139609+00:00","🎟️ Compre 5% OFF pelo link: ",false,80,"806eeeda-e6db-4e2a-8ae3-40096027dbd8",650,"","",false
"a40546b8-9a23-41b8-b628-798feb5987a0","D.EDGE apres. SuperAfter","bit.ly/MDAccula_DEdge_listas","dd88fff8-b138-44a3-bcf4-1139823049ac","https://nzbyyuqvhrwatmydxiag.supabase.co/storage/v1/object/public/event-images/0.8762608676338589.webp","Calendar","from-purple-500 to-pink-500",0,false,17,false,"2026-02-10T06:00:05.415457+00:00","2026-02-10T14:48:41.832038+00:00","📄 Listas VIP Fem / Consuma Masc pelo link: ",false,60,"",650,"","",false
"d8891bec-4712-469c-9bab-fcd9fbcb717b","BOMA Carnario - Artbat 🇺🇦, Camelphat 🇬🇧","https://bit.ly/MDAccula_1702_BOMARJ","bd915876-c621-4710-b9d6-e67b06b8156c","https://nzbyyuqvhrwatmydxiag.supabase.co/storage/v1/object/public/event-images/1768481872731-fafg3r.jpg","Calendar","",0,true,1771365600,false,"2026-01-15T12:57:00.69708+00:00","2026-02-14T15:18:34.176315+00:00","🎟 Compre com DESCONTO pelo link: ",false,80,"b91a579e-5870-46d9-a5d1-00f8c2c3010a",650,"","",false
"4646ce12-9b96-469c-9c0d-b23340a7449d","GV apres. Hugel, Illusionize e+++","https://bit.ly/MDAccula_0301_GreenValley","8743ca78-8de4-4887-a8d2-2fd8728fabb7","https://nzbyyuqvhrwatmydxiag.supabase.co/storage/v1/object/public/event-images/1764682160046-ouwi.jpg","Calendar","",74,true,3,false,"2025-12-10T12:02:51.89688+00:00","2026-01-05T13:11:17.745697+00:00","‼️ TEMOS COM DESCONTO VIA PIX!!",false,"","5712248d-4a14-40be-b034-7f261dd28907",700,"","",false
"ef6dceec-5323-4430-8960-fb7748396310","Parador apres. Bloco da Favorita","https://bit.ly/MDAccula_1402_Parador","bd915876-c621-4710-b9d6-e67b06b8156c","https://nzbyyuqvhrwatmydxiag.supabase.co/storage/v1/object/public/event-images/1770822034488-p5ff61.png","Calendar","",3,true,1771084800,false,"2025-11-21T14:37:33.336107+00:00","2026-02-14T15:20:17.199623+00:00","🎟️ Compre 5% OFF pelo link: ",false,"","2916fdfc-32c5-48e4-8751-195bbf61241d",700,"","",false
"308522ea-6fd0-419a-b9da-6c21ab1028d8","D.EDGE Moving","https://bit.ly/MDAccula_DEdge_listas","dd88fff8-b138-44a3-bcf4-1139823049ac","https://nzbyyuqvhrwatmydxiag.supabase.co/storage/v1/object/public/event-images/1765308936544-zlsfwci.jpg","Calendar","",0,true,0,false,"2025-12-09T19:35:59.246742+00:00","2026-02-10T14:48:32.367015+00:00","📄 Listas VIP Fem/Consuma Masc pelo link:",false,"","c76223fb-a580-4fbf-917b-c0e530fb707a",700,"","",false
"501e8d82-25f0-4ca0-a4f8-c8b29d73e70c","D.EDGE apres. Nave","bit.ly/MDAccula_DEdge_listas","dd88fff8-b138-44a3-bcf4-1139823049ac","https://nzbyyuqvhrwatmydxiag.supabase.co/storage/v1/object/public/event-images/1769551031104-s2kifm.png","Calendar","from-purple-500 to-pink-500",5,true,7,false,"2026-01-27T06:00:06.456571+00:00","2026-02-10T14:48:34.338484+00:00","",false,60,"2b3e9829-5386-4aa7-93a5-46fcad35f5f1",650,"","",false
"33a156ce-e024-4972-9e16-6d6ba22a7079","RØAR","https://bit.ly/MDAccula_2311_ROAR","95c67a6a-6a7e-4332-aab0-9c37d90531b5","https://nzbyyuqvhrwatmydxiag.supabase.co/storage/v1/object/public/event-images/1763518033322-akxzxr.jpg","Calendar","",0,true,1763906400,false,"2025-11-19T02:07:31.087475+00:00","2025-12-25T21:02:51.987617+00:00","",false,"","35aaaa9d-61ef-44df-ace4-c979d492edaa",700,"","",false
"48e3fee8-b807-48a0-83b2-ed3603ec5024","Parador apres. Warung Tour","https://bit.ly/MDAccula_2712_Parador","67a9613d-824f-4dac-ad20-20ef1ff132e8","https://nzbyyuqvhrwatmydxiag.supabase.co/storage/v1/object/public/event-images/1764951299093-7fjudv.jpg","Calendar","",0,true,1766851200,false,"2025-12-05T16:15:22.01774+00:00","2025-12-25T21:02:51.987617+00:00","🎟️ Compre 5% OFF pelo link:",false,"","b3f7d4c0-a293-47c8-9549-53717e58d31f",700,"","",false
"a29ae808-f53d-44d7-a9f9-7a4b17fbcaa6","Parador apres. Chemical Surf e+++","https://bit.ly/MDAccula_301225_Parador","0207c3d1-342a-4380-85a1-cf2daa14c4bc","https://nzbyyuqvhrwatmydxiag.supabase.co/storage/v1/object/public/event-images/1764951299093-7fjudv.jpg","Calendar","",0,true,1767110400,false,"2025-12-06T10:57:00.801342+00:00","2025-12-25T21:02:51.987617+00:00","🎟️ Compre 5% OFF pelo link:",false,"","eba9c247-af12-41d8-9e8c-2038127de537",700,"","",false
"5b349172-f0dc-467b-98d5-3f7568ceb5a9","Réveillon Amaraê Open Bar Premium","https://bit.ly/MDAccula_Reveillon_Amarae","67a9613d-824f-4dac-ad20-20ef1ff132e8","https://nzbyyuqvhrwatmydxiag.supabase.co/storage/v1/object/public/event-images/1765278746882-lka9xc.jpeg","Calendar","",0,true,1767218400,false,"2025-12-09T11:12:40.338447+00:00","2025-12-25T21:02:51.987617+00:00","🎟️ INGRESSOS LIMITADOS",false,"","50b90592-405c-4301-985b-3987dee384e1",700,"","",false
"7fa755df-8122-4f02-8d92-f0666135b003","🎭 Carnaval na Cidade ","https://bit.ly/MDAccula_CNC26","bd915876-c621-4710-b9d6-e67b06b8156c","https://nzbyyuqvhrwatmydxiag.supabase.co/storage/v1/object/public/event-images/1771246643769-n680a5.jpeg","Calendar","",3,true,1771246800,false,"2026-01-21T13:15:14.789284+00:00","2026-02-16T12:57:29.164146+00:00","🚨 LOTE ANTERIOR PELO LINK!!",false,80,"27e3093d-8930-4a7d-9aab-443bf99b8e3f",650,"","",false
"42dc5c0e-f9be-44ce-b336-e01caf15c9d6","Psicodelia Urbana apres. Phaxe","https://bit.ly/MDAccula_3101_PsicodeliaUrbana","57ff6618-6288-42e7-aa04-55311db22f8b","https://nzbyyuqvhrwatmydxiag.supabase.co/storage/v1/object/public/link-thumbnails/b807485d-17ab-40cb-b737-c5b16435da19.jpeg","Calendar","",2,true,1769896800,false,"2026-01-07T18:18:18.949255+00:00","2026-01-28T00:08:21.632218+00:00","🎟️ Compre 5% OFF pelo link:",false,80,"cc499327-010b-45b8-a2e9-16e15cbcb3a9",650,"","",false
"adca21a5-f064-4ec9-825c-9009c50c0c74","Corona apres. Malive","https://bit.ly/MDAccula_3101_Corona","c7c40f6e-4c5e-4552-93a0-faa1946eb969","https://nzbyyuqvhrwatmydxiag.supabase.co/storage/v1/object/public/event-images/1766420475113-qddypj.jpeg","Calendar","",0,true,1738346400,false,"2025-12-22T16:22:54.298882+00:00","2025-12-25T21:02:51.987617+00:00","🎟 Compre PRÉ VENDA pelo link: ",false,80,"ec30ac1e-fc30-49af-aec1-840cd2bed096",650,"","",false
"0bd3320a-3a0d-4581-977d-7a3278b18ddc","Isla - Ilhabela apres. Reveillon Open Bar","https://bit.ly/MDAccula_3112_Isla","0207c3d1-342a-4380-85a1-cf2daa14c4bc","https://nzbyyuqvhrwatmydxiag.supabase.co/storage/v1/object/public/event-images/1765278359149-4ebb.jpeg","Calendar","",0,true,1767218400,false,"2025-12-10T00:22:24.119738+00:00","2025-12-25T21:02:51.987617+00:00","🎟️ Compre 5% OFF pelo link:",false,"","24d2eea5-09df-4edc-a8be-39f749149021",700,"","",false
"c538f4ef-41aa-49f1-8803-87f9b2809161","🟩 D.Edge Festival | 02/04 | 22h","https://bit.ly/MDAccula_0204_DedgeFest","dd88fff8-b138-44a3-bcf4-1139823049ac","https://nzbyyuqvhrwatmydxiag.supabase.co/storage/v1/object/public/event-images/1769426056774-nqo9o.jpeg","Calendar","",15,true,1777125601,false,"2026-02-10T14:55:21.484046+00:00","2026-02-18T05:28:17.038605+00:00","🎟️ Compre 10% OFF pelo link:",false,80,"e05748ed-07d5-4843-89b8-864bb4344d67",650,"","",false
"91df1bfe-9bbc-44db-a4b6-18c4914db354","D.EDGE Moving","bit.ly/MDAccula_DEdge_listas","dd88fff8-b138-44a3-bcf4-1139823049ac","https://nzbyyuqvhrwatmydxiag.supabase.co/storage/v1/object/public/event-images/1769551002674-v6z02q.png","Calendar","from-purple-500 to-pink-500",0,true,5,false,"2026-01-27T06:00:06.797511+00:00","2026-02-10T14:48:33.750287+00:00","",false,60,"6464ff20-4d06-462c-9e53-07f3027e6c09",650,"","",false
"c118abe6-df9f-41ea-b58b-773ec0db170d","🏢 Warehouse","https://bit.ly/MDAccula_1704_Warehouse","8f5bcf9f-8dc1-4f2f-b3b7-60d2f4f72816","https://nzbyyuqvhrwatmydxiag.supabase.co/storage/v1/object/public/event-images/1769737074075-jgo1cf.jpeg","Calendar","",5,true,1776463200,false,"2026-01-28T11:10:55.739948+00:00","2026-02-08T17:16:22.810232+00:00","🎟️ Compre 5% OFF pelo link: ",false,80,"71233265-7c13-48bf-97af-9197f567c73a",650,"","",false
"e5db705b-4eb5-424c-83ef-38f5ecbb4ee6","D-Rete inside D-Edge","https://bit.ly/MDAccula_1302_DRete26","dd88fff8-b138-44a3-bcf4-1139823049ac","https://nzbyyuqvhrwatmydxiag.supabase.co/storage/v1/object/public/event-images/1770734729878-1irrvu.png","Calendar","",7,true,18,false,"2026-02-03T13:06:05.534618+00:00","2026-02-13T21:00:51.993396+00:00","🎟️ Compre 10% OFF pelo link:",false,80,"bff84e70-b77f-4987-a044-c11f59e88281",650,"","",false
"43af1fb3-9313-43d0-bbe4-e966e585f209","Só Track Boa 2026","https://www.ingresse.com/so-track-boa-festival-2026/","89af259e-32ec-4dda-b805-f9a2ba58da77","https://nzbyyuqvhrwatmydxiag.supabase.co/storage/v1/object/public/event-images/1771246735530-rxue1k.jpeg","Calendar","",14,true,1780671600,false,"2025-12-12T17:45:53.883163+00:00","2026-02-18T22:11:54.208823+00:00","🎟️ Compre pelo link",false,80,"64142369-229a-48cf-a5eb-8f1d0f7307d0",650,"","",false
"956c0145-f7f9-4388-b0e9-affdb73eda75","Parador Pascoa apres. Departamento","https://bit.ly/MDAccula_0404_Parador","0207c3d1-342a-4380-85a1-cf2daa14c4bc","https://nzbyyuqvhrwatmydxiag.supabase.co/storage/v1/object/public/event-images/1770822777177-icg75h.png","Calendar","",3,true,1775318400,false,"2026-02-11T15:20:37.793622+00:00","2026-02-19T00:46:21.214244+00:00","🎟️ Compre 5% OFF pelo link:",false,80,"11d6a203-a0fa-4e27-8ba3-c40425a24bdd",650,"","",false
"51b7af43-c9de-4d26-93fc-c2b3a4fe0b9b","BOMA Carnario apres. Vintage Culture, Whomadewho 🇩🇰","https://bit.ly/MDAccula_2002_BOMARJ","bd915876-c621-4710-b9d6-e67b06b8156c","https://nzbyyuqvhrwatmydxiag.supabase.co/storage/v1/object/public/event-images/1768481921708-udvibr.jpg","Calendar","",0,true,1771624800,false,"2026-01-15T12:57:49.423422+00:00","2026-02-14T15:18:10.397428+00:00","🎟 Compre com DESCONTO pelo link: ",false,80,"7e1896fb-b05d-4dea-a9a0-880e30ef70de",650,"","",false
"e6a8c139-06df-43ef-9740-6d50bade0a01","🎭 Carnaval na Cidade","https://bit.ly/MDAccula_CNC26","bd915876-c621-4710-b9d6-e67b06b8156c","https://nzbyyuqvhrwatmydxiag.supabase.co/storage/v1/object/public/link-thumbnails/431ba3d5-eecc-4edc-970d-990a83213fc6.jpeg","Calendar","",3,true,1771333200,false,"2026-01-21T13:16:07.618424+00:00","2026-02-16T15:20:13.003104+00:00","🚨 LOTE ANTERIOR PELO LINK!!",false,80,"0790fc27-c5a4-4dc0-8797-0c3e39d7a047",650,"","",false
"237e0865-fd00-4c97-9add-eb40c98628c1","D.EDGE apres. SuperAfter","https://bit.ly/MDAccula_DEdge_listas","57ff6618-6288-42e7-aa04-55311db22f8b","https://nzbyyuqvhrwatmydxiag.supabase.co/storage/v1/object/public/event-images/1767923797833-q2l7a5.jpeg","Calendar","",1,true,1768118400,false,"2026-01-09T01:55:30.697264+00:00","2026-01-11T09:33:56.140384+00:00","📄 Listas VIP Fem/Consuma Masc pelo link",false,80,"9f9e3a0e-e205-42fe-b9a2-4fa8dc3d0a9f",650,"","",false
"d419e08d-e76c-4753-aef8-fe320d691e24","GV apres. Hugel, Illusionize e+++","https://bit.ly/MDAccula_0301_GreenValley","67a9613d-824f-4dac-ad20-20ef1ff132e8","https://nzbyyuqvhrwatmydxiag.supabase.co/storage/v1/object/public/event-images/1764682160046-ouwi.jpg","Calendar","",2,true,1767477600,false,"2025-12-10T12:01:39.748627+00:00","2026-01-04T00:05:20.030413+00:00","‼️ TEMOS COM DESCONTO VIA PIX!!",false,"","5712248d-4a14-40be-b034-7f261dd28907",700,"","",false
"9c20f5b6-f079-4465-a240-2aedef14478d","💥 Caos apres. Blackartel","https://bit.ly/MDAccula_0603_Caos","ef8db98f-39a9-48db-9fb8-05b33ebc408c","https://nzbyyuqvhrwatmydxiag.supabase.co/storage/v1/object/public/event-images/1770736176541-b9pr3t.jpeg","Calendar","",1,true,1772845200,false,"2026-02-10T15:09:37.690203+00:00","2026-02-18T12:17:05.761035+00:00","🎟️ Compre 5% OFF pelo link: ",false,80,"cd72c31e-ae0e-4a4d-9bab-feaa5dbba9ca",650,"","",false
"71841761-2238-4487-94d2-2241a18cd78b","D.EDGE apres. Nave","https://bit.ly/MDAccula_DEdge_listas","dd88fff8-b138-44a3-bcf4-1139823049ac","https://nzbyyuqvhrwatmydxiag.supabase.co/storage/v1/object/public/event-images/1765308879116-mz3znf.jpg","Calendar","",1,true,2,false,"2025-12-09T19:36:04.299522+00:00","2026-02-10T14:48:32.965588+00:00","📄 Listas VIP Fem/Consuma Masc pelo link",false,"","5ad7e334-8d65-4ec6-b8d5-34cf0e88d202",700,"","",false
"e2944277-3ed1-4ccb-81e2-6b37e9e068f5","D.EDGE apres. Nave","https://bit.ly/MDAccula_DEdge_listas","e53696d1-d834-48da-a140-1feb43efd00d","https://nzbyyuqvhrwatmydxiag.supabase.co/storage/v1/object/public/event-images/1765308879116-mz3znf.jpg","Calendar","",0,true,1765670340,false,"2025-12-09T19:34:51.871924+00:00","2025-12-25T21:02:51.987617+00:00","📄 Listas VIP Fem/Consuma Masc pelo link",false,"","5ad7e334-8d65-4ec6-b8d5-34cf0e88d202",700,"","",false
"32fa8f2d-3444-40b4-a62c-bced14924f71","D.EDGE apres. FreakChic","https://bit.ly/MDAccula_DEdge_listas","e53696d1-d834-48da-a140-1feb43efd00d","https://nzbyyuqvhrwatmydxiag.supabase.co/storage/v1/object/public/event-images/1764721040822-x0ojom.jpg","Calendar","",0,true,1764979140,false,"2025-12-03T00:17:48.997468+00:00","2025-12-25T21:02:51.987617+00:00","📄 Listas VIP Fem/Consuma Masc pelo link",false,"","9a320b6c-6ee0-4f16-992b-55736915a90d",700,"","",false
"a195762d-4bf6-4341-a004-f3aee8b6606a","🟩 Toca apres. KVSH","https://bit.ly/MDAccula_1911_Toca_VIP","95c67a6a-6a7e-4332-aab0-9c37d90531b5","https://nzbyyuqvhrwatmydxiag.supabase.co/storage/v1/object/public/event-images/1763575462286-ivaeoe.jpeg","Calendar","",0,true,1763589600,false,"2025-11-19T18:04:36.743823+00:00","2025-12-25T21:02:51.987617+00:00","🎟️ Adquira seu VIP UNISSEX pelo link:",false,"","a5c7e827-2950-4c98-ac72-26d339e92ad4",700,"","",false
"68bb34e8-98cd-4812-a2a8-99de9e3421df","Parador apres. Maneva Ao Vivo","https://bit.ly/MDAccula_2712_Parador","67a9613d-824f-4dac-ad20-20ef1ff132e8","https://nzbyyuqvhrwatmydxiag.supabase.co/storage/v1/object/public/event-images/1764951299093-7fjudv.jpg","Calendar","",0,true,1766937600,false,"2025-12-05T16:17:57.878308+00:00","2025-12-25T21:02:51.987617+00:00","🎟️ Compre 5% OFF pelo link: ",false,"","fdd1694d-4c17-4faa-aee0-487b3dd72f82",700,"","",false
"3700337e-4e94-41b5-8963-5e20bb831471","Réveillon Amaraê Open Bar Premium","https://bit.ly/MDAccula_Reveillon_Amarae","0207c3d1-342a-4380-85a1-cf2daa14c4bc","https://nzbyyuqvhrwatmydxiag.supabase.co/storage/v1/object/public/event-images/1765278746882-lka9xc.jpeg","Calendar","",0,true,1767218400,false,"2025-12-10T00:22:10.090023+00:00","2025-12-25T21:02:51.987617+00:00","🎟️ INGRESSOS LIMITADOS",false,"","50b90592-405c-4301-985b-3987dee384e1",700,"","",false
"5b0810b8-dcd1-41c8-9a4e-00797bc79552","Industria","https://bit.ly/MDAccula_2211_Industria","95c67a6a-6a7e-4332-aab0-9c37d90531b5","https://nzbyyuqvhrwatmydxiag.supabase.co/storage/v1/object/public/event-images/1763735627387-5wm59.jpeg","Calendar","",0,true,1763766000,false,"2025-11-21T14:33:56.669945+00:00","2025-12-25T21:02:51.987617+00:00","🎟️ Compre 10% OFF pelo link: ",false,"","811b2a3d-bfb9-46f9-bf28-7e261f66542e",700,"","",false
"da016191-383e-4436-b260-2ed772cf9b83","Soul Club","https://bit.ly/MDAccula_1412_SoulClub","e53696d1-d834-48da-a140-1feb43efd00d","https://nzbyyuqvhrwatmydxiag.supabase.co/storage/v1/object/public/event-images/1763520431422-w5f34.jpeg","Calendar","",0,true,1765702800,false,"2025-11-19T02:47:25.350108+00:00","2025-12-25T21:02:51.987617+00:00","🎟 Compre 10% OFF pelo link",false,"","78d297f9-fd92-4a03-8d80-c938bbbdbdf7",700,"","",false
"d64007fb-1373-4e8b-8daf-a6f245ba61b1","D.EDGE apres. SuperAfter","https://bit.ly/MDAccula_DEdge_listas","e53696d1-d834-48da-a140-1feb43efd00d","https://nzbyyuqvhrwatmydxiag.supabase.co/storage/v1/object/public/event-images/1764721113434-sjhi5a.png","Calendar","",0,true,1765083600,false,"2025-12-03T00:19:01.760033+00:00","2025-12-25T21:02:51.987617+00:00","📄 Listas VIP Fem/Consuma Masc pelo link",false,"","478fdd68-5526-4ad2-a2cd-72e90522730f",700,"","",false
"f1b909ab-4fc6-45eb-a7c0-f6526566c2e6","Toca apres. Chemical Surf","https://bit.ly/MDAccula_2811_Toca_VIP","95c67a6a-6a7e-4332-aab0-9c37d90531b5","https://nzbyyuqvhrwatmydxiag.supabase.co/storage/v1/object/public/event-images/1763646780212-xx87ts.webp","Calendar","",0,true,1764367200,false,"2025-11-20T13:53:11.070418+00:00","2025-12-25T21:02:51.987617+00:00","🎟️ Adquira seu VIP UNISSEX pelo link: ",false,"","d6c2cc74-c31d-4ef7-a128-a3eb2f99ee12",700,"","",false
"f5ad5b79-ac1d-4a4d-be53-25d6413f9d98","GV apres. Reveillon XCLSV","https://bit.ly/MDAccula_Reveillon26_GreenValley","67a9613d-824f-4dac-ad20-20ef1ff132e8","https://nzbyyuqvhrwatmydxiag.supabase.co/storage/v1/object/public/event-images/1764682107220-sdw94.jpg","Calendar","",0,true,1767214800,false,"2025-12-02T13:27:58.279529+00:00","2025-12-25T21:02:51.987617+00:00","‼️ TEMOS COM DESCONTO VIA PIX!!",false,"","d54a7f31-8acc-49c2-b90e-dfff2a3f0665",700,"","",false
"f676f4c6-c47f-4d25-b827-ec00f34667f2","The Grid apres. 44","https://bit.ly/MDAccula_1403_Grid","ef8db98f-39a9-48db-9fb8-05b33ebc408c","https://nzbyyuqvhrwatmydxiag.supabase.co/storage/v1/object/public/event-images/1763560737993-x2id4.jpeg","Calendar","",13,true,1773525600,false,"2025-11-19T13:59:09.221042+00:00","2026-02-18T20:28:18.352877+00:00","🎟️ Compre pelo link: ",false,"","1785143d-f4b3-4f8d-9a32-fc20a079f84a",700,"","",false
"3d4b28e1-983c-4923-9168-d92cb6ad99de","GV apres. Adam Beyer, Joris Voorn e+++","https://bit.ly/MDAccula_1001_GreenValley","8743ca78-8de4-4887-a8d2-2fd8728fabb7","https://nzbyyuqvhrwatmydxiag.supabase.co/storage/v1/object/public/event-images/1764682283150-qes0kg.jpg","Calendar","",32,true,4,false,"2025-12-06T00:45:01.348601+00:00","2026-01-11T01:59:32.092838+00:00","‼️ TEMOS COM DESCONTO VIA PIX!!",false,"","4c943116-533e-4b2b-924e-86e6bbd6d44e",700,"","",false
"809719ca-baf3-46be-8962-6894e28b4fb3","Odisséia Carnaval SP","https://bit.ly/MDAccula_Carnaval26_Odisseia","bd915876-c621-4710-b9d6-e67b06b8156c","https://nzbyyuqvhrwatmydxiag.supabase.co/storage/v1/object/public/event-images/1769187426013-p2tjhk.jpeg","Calendar","",10,true,1771077600,false,"2026-01-23T16:55:54.103128+00:00","2026-02-14T15:08:59.28411+00:00","🎟️ Compre pelo link: ",false,80,"e170b8f3-8da1-4d78-b0ee-ccde69a7299a",650,"","",false
"afb971b5-3182-4150-a67d-160ac59a8a51","M.E.G.A.","https://bit.ly/MDAccula_1312_MEGA","e53696d1-d834-48da-a140-1feb43efd00d","https://nzbyyuqvhrwatmydxiag.supabase.co/storage/v1/object/public/event-images/1764090073110-bkaxupj.jpeg","Calendar","",2,true,1765634400,false,"2025-11-25T17:05:03.96682+00:00","2025-12-25T21:02:51.987617+00:00","🎟️ Compre PRE VENDA pelo link: ",false,"","99716244-9d02-4b58-aa3d-c9780c044543",700,"","",false
"f51e5465-88a4-4068-8c5b-55faf7cf7f07","SoundCloud","https://soundcloud.com/mdaccula","25a6f7ba-d511-424a-b08a-d3c8682dbfad","","Music","",0,true,2,false,"2025-11-15T13:42:26.22438+00:00","2025-12-10T14:27:36.468731+00:00","",false,"","",700,"","",false
"e9020ba3-327c-428b-854b-a9426fcf3089","Mundo Psicodélico","https://bit.ly/MDAccula_2012_MundoPsicodelico","e53696d1-d834-48da-a140-1feb43efd00d","https://nzbyyuqvhrwatmydxiag.supabase.co/storage/v1/object/public/event-images/1763556163688-er7cx4.jpeg","Calendar","",5,true,1766232000,false,"2025-11-19T12:42:57.47868+00:00","2025-12-25T21:02:51.987617+00:00","🎟️ Compre com DESCONTO pelo link",false,"","89116ae7-f65f-46b3-97d7-eed072f817f4",700,"","",false
"1684548f-38bb-4990-8c38-cf438b9b82f3","Parador apres. Cat Dealers e+++","https://bit.ly/MDAccula_030126_Parador","0207c3d1-342a-4380-85a1-cf2daa14c4bc","https://nzbyyuqvhrwatmydxiag.supabase.co/storage/v1/object/public/event-images/1763739905153-0lmxbb.jpg","Calendar","",1,true,1767456000,false,"2025-12-06T10:57:56.800673+00:00","2025-12-30T21:19:58.992534+00:00","🎟️ Compre 5% OFF pelo link:",false,"","bb0699e8-0ab0-43e9-9bbf-7046a637710a",700,"","",false
"7422b105-d404-41da-867d-3e1073f9238c","GV apres. The Martinez Brothers , ANNA e+++","https://bit.ly/MDAccula_2712_GreenValley","67a9613d-824f-4dac-ad20-20ef1ff132e8","https://nzbyyuqvhrwatmydxiag.supabase.co/storage/v1/object/public/event-images/1764681777769-iin3r.jpg","Calendar","",1,true,1766872800,false,"2025-12-10T00:33:43.467578+00:00","2025-12-27T01:46:08.928661+00:00","‼️ TEMOS COM DESCONTO VIA PIX!!",false,"","734f87f2-e101-48d1-836c-adb0ef8fd1ba",700,"","",false
"c22d73d6-9d56-418b-971a-b250c98fe8a5","D.EDGE apres. Nave ","https://bit.ly/MDAccula_DEdge_listas","57ff6618-6288-42e7-aa04-55311db22f8b","https://nzbyyuqvhrwatmydxiag.supabase.co/storage/v1/object/public/event-images/1767923831275-z0lv55.jpeg","Calendar","",2,true,1768100340,false,"2026-01-09T01:56:03.417475+00:00","2026-01-11T02:21:26.452734+00:00","📄 Listas VIP Fem/Consuma Masc pelo link",false,80,"665917fa-622f-4d12-a2e7-46131c1a0800",650,"","",false
"538ad94e-be31-459f-a22d-c0d9203854dd","Parador apres. Dubdogz e+++","https://bit.ly/MDAccula_1602_Parador","bd915876-c621-4710-b9d6-e67b06b8156c","https://nzbyyuqvhrwatmydxiag.supabase.co/storage/v1/object/public/event-images/1770822143308-0wtp7.png","Calendar","",5,true,1771257600,false,"2025-11-21T15:04:15.607816+00:00","2026-02-16T20:28:13.848097+00:00","🎟️ Compre 5% OFF pelo link: ",false,"","83ea4273-42db-406f-ae6c-bdd81c693a34",700,"","",false
"778f3855-8266-492f-8a17-4ff6ed3d74fb","D.EDGE apres. FreakChic ","https://bit.ly/MDAccula_DEdge_listas","57ff6618-6288-42e7-aa04-55311db22f8b","https://nzbyyuqvhrwatmydxiag.supabase.co/storage/v1/object/public/event-images/1767923857309-518wfc.jpeg","Calendar","",0,true,1768013940,false,"2026-01-09T01:56:28.834305+00:00","2026-01-09T01:56:28.834305+00:00","📄 Listas VIP Fem/Consuma Masc pelo link",false,80,"fb309af3-f4ba-4202-9be2-b3eebe08c5cf",650,"","",false
"a44907f1-459a-4aea-95c8-e01838ab0727","D.EDGE Moving","https://bit.ly/MDAccula_DEdge_listas","57ff6618-6288-42e7-aa04-55311db22f8b","https://nzbyyuqvhrwatmydxiag.supabase.co/storage/v1/object/public/event-images/1767923896290-928o2.jpeg","Calendar","",0,true,1767927540,false,"2026-01-09T01:57:08.158673+00:00","2026-01-09T01:57:08.158673+00:00","📄 Listas VIP Fem/Consuma Masc pelo link:",false,80,"06ce4585-3765-402d-aaed-8d1c230edc77",650,"","",false
"4f44ede3-6e64-45d9-ab4d-29921ad6fb9e","D.EDGE Moving","https://bit.ly/MDAccula_DEdge_listas","e53696d1-d834-48da-a140-1feb43efd00d","https://nzbyyuqvhrwatmydxiag.supabase.co/storage/v1/object/public/event-images/1764720983430-qj3sn5.jpg","Calendar","",0,true,1764892740,false,"2025-12-03T00:16:52.301352+00:00","2025-12-25T21:02:51.987617+00:00","📄 Listas VIP Fem/Consuma Masc pelo link:",false,"","7bdf49b5-f091-4cbb-a292-8cb1b5150428",700,"","",false
"8776aeb6-cff9-4e87-a9d1-5bae0331b2ff","D.EDGE Moving","https://postcontrol.com.br/mdaccula/lista/dedge","95c67a6a-6a7e-4332-aab0-9c37d90531b5","https://nzbyyuqvhrwatmydxiag.supabase.co/storage/v1/object/public/event-images/1764210325960-1cloij.jpg","Calendar","",0,true,1764287940,false,"2025-11-27T02:25:26.916156+00:00","2025-12-25T21:02:51.987617+00:00","Moving",false,"","c170b48c-0a17-468c-883c-73a6d667c4f6",700,"","",false
"35b77d0f-37cf-4634-8f0c-d2712a529d25","🎭 De Repente Carnaval","https://bit.ly/MDAccula_DRC_VIP","bd915876-c621-4710-b9d6-e67b06b8156c","https://nzbyyuqvhrwatmydxiag.supabase.co/storage/v1/object/public/event-images/1770897658643-66ojqa.jpg","Calendar","",1,true,1771178400,false,"2026-02-12T12:01:29.634104+00:00","2026-02-14T14:30:14.755134+00:00","📄 Lista VIP pelo link",false,80,"8f277547-c211-4f80-88e1-0bb60f28d15d",650,"","",false
"f3578afe-52fa-450b-91d1-a70761c2730a","Parador apres. Cat Dealers e+++","https://bit.ly/MDAccula_030126_Parador","67a9613d-824f-4dac-ad20-20ef1ff132e8","https://nzbyyuqvhrwatmydxiag.supabase.co/storage/v1/object/public/event-images/1763739905153-0lmxbb.jpg","Calendar","",1,true,1767456000,false,"2025-12-05T16:21:51.615476+00:00","2025-12-25T21:02:51.987617+00:00","🎟️ Compre 5% OFF pelo link:",false,"","bb0699e8-0ab0-43e9-9bbf-7046a637710a",700,"","",false
"c643f1c6-49d2-435e-878b-b30be41e96a8","Isla - Ilhabela apres. Warung Tour","https://bit.ly/MDAccula_2812_Isla","67a9613d-824f-4dac-ad20-20ef1ff132e8","https://nzbyyuqvhrwatmydxiag.supabase.co/storage/v1/object/public/event-images/1765278359149-4ebb.jpeg","Calendar","",0,true,1766937600,false,"2025-12-09T11:06:11.86771+00:00","2025-12-25T21:02:51.987617+00:00","🎟️ Compre 5% OFF pelo link: ",false,"","9bc5f822-0bb9-4c4c-99fa-67682e9e5074",700,"","",false
"e7eb7713-3d6e-4761-ac3f-ec764e7d3ffb","Isla - Ilhabela apres. Reveillon Open Bar","https://bit.ly/MDAccula_3112_Isla","67a9613d-824f-4dac-ad20-20ef1ff132e8","https://nzbyyuqvhrwatmydxiag.supabase.co/storage/v1/object/public/event-images/1765278359149-4ebb.jpeg","Calendar","",0,true,1767218400,false,"2025-12-09T11:09:38.080687+00:00","2025-12-25T21:02:51.987617+00:00","🎟️ Compre 5% OFF pelo link: ",false,"","24d2eea5-09df-4edc-a8be-39f749149021",700,"","",false
"d7925974-38f9-477b-a16a-a92538d0225f","Isla - Ilhabela apres. Mochakk","https://bit.ly/MDAccula_2912_Isla","0207c3d1-342a-4380-85a1-cf2daa14c4bc","https://nzbyyuqvhrwatmydxiag.supabase.co/storage/v1/object/public/event-images/1765278359149-4ebb.jpeg","Calendar","",0,true,1767024000,false,"2025-12-10T00:22:42.037287+00:00","2025-12-25T21:02:51.987617+00:00","🎟️ Compre 5% OFF pelo link:",false,"","7f540bb4-ff56-478a-bdc6-ebce8cd584c7",700,"","",false
"8b980f26-f40d-4266-a89d-7169fd489b75","Parador apres. Warung Tour","https://bit.ly/MDAccula_2712_Parador","0207c3d1-342a-4380-85a1-cf2daa14c4bc","https://nzbyyuqvhrwatmydxiag.supabase.co/storage/v1/object/public/event-images/1764951299093-7fjudv.jpg","Calendar","",2,true,1766851200,false,"2025-12-06T10:56:19.90816+00:00","2025-12-27T15:42:47.507396+00:00","🎟️ Compre 5% OFF pelo link:",false,"","b3f7d4c0-a293-47c8-9549-53717e58d31f",700,"","",false
"f9bb5a30-6307-4232-8bcf-554602b18ba7","GV apres. Reveillon XCLSV","https://bit.ly/MDAccula_Reveillon26_GreenValley","8743ca78-8de4-4887-a8d2-2fd8728fabb7","https://nzbyyuqvhrwatmydxiag.supabase.co/storage/v1/object/public/event-images/1764682107220-sdw94.jpg","Calendar","",37,true,2,false,"2025-12-06T00:46:01.924376+00:00","2026-01-05T13:11:17.451766+00:00","‼️ TEMOS COM DESCONTO VIA PIX!!",false,"","d54a7f31-8acc-49c2-b90e-dfff2a3f0665",700,"","",false
"863fea78-a40b-4e3e-8de4-8cb6813f18e2","GV apres. Camelphat, Artbat e+++","https://bit.ly/MDAccula_1602_GreenValley","bd915876-c621-4710-b9d6-e67b06b8156c","https://nzbyyuqvhrwatmydxiag.supabase.co/storage/v1/object/public/event-images/1764682389512-0947v7.jpg","Calendar","",5,true,1771275600,false,"2025-12-02T13:32:40.000231+00:00","2026-02-14T15:17:02.00402+00:00","‼️ TEMOS COM DESCONTO VIA PIX!!",false,"","6cbe986a-e74c-4d1e-b492-2a40d95bcfa3",700,"","",false
"79ff0a40-2c54-4b7a-bbe9-9832d0005d75","D-Rete inside D-Edge","https://bit.ly/MDAccula_1502_DRete26","dd88fff8-b138-44a3-bcf4-1139823049ac","https://nzbyyuqvhrwatmydxiag.supabase.co/storage/v1/object/public/event-images/1770734745811-fve9f1.png","Calendar","",12,true,1771199940,false,"2026-02-03T13:06:49.047776+00:00","2026-02-16T02:08:19.775326+00:00","🎟️ Compre 10% OFF pelo link:",false,80,"55353b51-e90e-4635-82f9-a0bc1d1db2c8",650,"","",false
"3e8ed28d-58cb-4101-9323-3a1456c073a1","Industria apres. Gabe, Victor Lou e +","https://bit.ly/MDAccula_0602_Industria","bd915876-c621-4710-b9d6-e67b06b8156c","https://nzbyyuqvhrwatmydxiag.supabase.co/storage/v1/object/public/event-images/1765805074030-d6sjs.jpeg","Calendar","",8,true,1770429600,false,"2026-02-02T00:10:26.046859+00:00","2026-02-06T19:05:45.069576+00:00","🎟️ CORTESIA UNISSEX PELO LINK:",false,80,"815775c3-cf3c-4dc1-a15f-a9618f7c0a36",650,"","",false
"ff7355e9-df23-4dd6-b331-84e2928f6ea2","BOMA Carnario - Jamie Jones","https://bit.ly/MDAccula_1302_BOMARJ","7a1d21a7-453c-4915-b22f-b432ae1b0c0a","https://nzbyyuqvhrwatmydxiag.supabase.co/storage/v1/object/public/link-thumbnails/3ed3d09c-ee76-4e52-af81-4613c3e51921.webp","Calendar","",583,true,1771722001,false,"2026-01-15T13:06:15.865552+00:00","2026-02-14T04:09:15.127587+00:00","🎟 Compre com DESCONTO pelo link:",false,80,"4ade94b6-edbd-4790-b861-a9e72e0e3662",650,"","",false
"894de031-5570-4a3c-a669-e374f131cd71","Réveillon Surreal","https://bit.ly/MDAccula_Surreal25","67a9613d-824f-4dac-ad20-20ef1ff132e8","https://nzbyyuqvhrwatmydxiag.supabase.co/storage/v1/object/public/event-images/1763640780777-hfw14.jpeg","Calendar","",0,true,1767214800,false,"2025-11-20T12:13:11.634211+00:00","2025-12-25T21:02:51.987617+00:00","🎟️ Compre 5% OFF pelo link: ",false,"","0feeea23-240f-45c4-bdfd-92d9a7f9666a",700,"","",false
"c788876b-a12d-4a7e-a98d-ae5f8f53fe02","🌷 Sábado Dre tarde","https://bit.ly/MDAccula_0703_DreTarde","ef8db98f-39a9-48db-9fb8-05b33ebc408c","https://nzbyyuqvhrwatmydxiag.supabase.co/storage/v1/object/public/event-images/1770202566619-zuvu7.jpeg","Calendar","",0,true,1772906400,false,"2026-02-04T10:56:26.375545+00:00","2026-02-04T10:56:26.375545+00:00","🎟 Compre com DESCONTO pelo link: ",false,80,"6361b6cd-d285-4ad7-9ada-3f1c20c021d5",650,"","",false
"e3e9c267-5b08-44f9-aa34-86cfbbffe5de","Parador apres. Bloco da Favorita","https://bit.ly/MDAccula_1402_Parador","0207c3d1-342a-4380-85a1-cf2daa14c4bc","https://nzbyyuqvhrwatmydxiag.supabase.co/storage/v1/object/public/event-images/1770822034488-p5ff61.png","Calendar","",4,true,1771084800,false,"2025-12-06T10:58:17.961164+00:00","2026-02-14T15:20:17.199623+00:00","🎟️ Compre 5% OFF pelo link:",false,"","2916fdfc-32c5-48e4-8751-195bbf61241d",700,"","",false
"3d434e9e-7ebe-4574-88ef-11e2b7ef6c8e","Odisséia Carnaval SP","https://bit.ly/MDAccula_Carnaval26_Odisseia","bd915876-c621-4710-b9d6-e67b06b8156c","https://nzbyyuqvhrwatmydxiag.supabase.co/storage/v1/object/public/event-images/1769187456990-fw3nto.jpeg","Calendar","",3,true,1771250400,false,"2026-01-23T16:56:25.358339+00:00","2026-02-14T15:09:09.127113+00:00","🎟️ Compre pelo link: ",false,80,"9e97188b-3667-48f8-a18c-d74124dc7af6",650,"","",false
"cae7b899-24f2-49b4-bf21-aa5bdcb8c04c","BOMA Carnario apres. Kolsch 🇩🇪, Maz, Antdot","https://bit.ly/MDAccula_2102_BOMARJ","7a1d21a7-453c-4915-b22f-b432ae1b0c0a","https://nzbyyuqvhrwatmydxiag.supabase.co/storage/v1/object/public/event-images/1768482367099-a1ygx8.webp","Calendar","",296,true,1771711200,false,"2026-01-15T13:06:58.249852+00:00","2026-02-19T16:58:45.270336+00:00","🎟 Compre com DESCONTO pelo link:",false,80,"7a70fa0d-a0ad-4097-ac12-715e1cc4f61c",650,"","",false
"5f59bdf2-311d-497a-abdd-278bb59eb7ab","Parador Pascoa apres. Vintage Culture","https://bit.ly/MDAccula_0304_Parador","8f5bcf9f-8dc1-4f2f-b3b7-60d2f4f72816","https://nzbyyuqvhrwatmydxiag.supabase.co/storage/v1/object/public/event-images/1770822344792-g9ewv.png","Calendar","",3,true,1775232000,false,"2026-02-11T15:05:54.069321+00:00","2026-02-19T00:45:18.710131+00:00","🎟️ Compre 5% OFF pelo link: ",false,80,"cc9a149b-690b-4528-a0c4-c7e8e98a521a",650,"","",false
"ec2be76a-d797-405a-8b5d-7dfe51e0e690","BOMA Carnario - Mochakk, Dennis Cruz","https://bit.ly/MDAccula_1602_BOMARJ","7a1d21a7-453c-4915-b22f-b432ae1b0c0a","https://nzbyyuqvhrwatmydxiag.supabase.co/storage/v1/object/public/link-thumbnails/11f54f6d-1e96-4a04-aa39-188bfe3653b1.webp","Calendar","",255,true,1771279200,false,"2026-01-15T13:06:52.641952+00:00","2026-02-16T23:48:03.506331+00:00","🎟 Compre com DESCONTO pelo link:",false,80,"0bd78a8d-d694-45ba-9eff-88c510813895",650,"","",false
"ef2c9da6-0ab7-4392-b98b-0ed6a592d406","BOMA Carnario - Artbat 🇺🇦, Camelphat 🇬🇧","https://bit.ly/MDAccula_1702_BOMARJ","7a1d21a7-453c-4915-b22f-b432ae1b0c0a","https://nzbyyuqvhrwatmydxiag.supabase.co/storage/v1/object/public/event-images/1768481872731-fafg3r.jpg","Calendar","",228,true,1771365600,false,"2026-01-15T13:06:53.906386+00:00","2026-02-18T03:33:38.710702+00:00","🎟 Compre com DESCONTO pelo link:",false,80,"b91a579e-5870-46d9-a5d1-00f8c2c3010a",650,"","",false
"453f839e-72cf-42cb-b0df-062155844bb4","WhatsApp","https://wa.me/5511999136884","25a6f7ba-d511-424a-b08a-d3c8682dbfad","","MessageCircle","",0,true,3,false,"2025-11-15T13:42:26.22438+00:00","2025-12-10T14:27:36.468731+00:00","",false,"","",700,"","",false
"c26333d5-feea-487d-be25-b25285624058","💥 Caos apres. Illusionize","https://bit.ly/MDAccula_2802_Caos","bd915876-c621-4710-b9d6-e67b06b8156c","https://nzbyyuqvhrwatmydxiag.supabase.co/storage/v1/object/public/event-images/1770202814277-dczacn.jpeg","Calendar","",2,true,1772326800,false,"2026-02-04T11:00:32.453133+00:00","2026-02-17T01:09:08.405075+00:00","🎟️ Compre 5% OFF pelo link: ",false,80,"7519c8ad-9ab3-496d-a6e6-093dc44046e6",650,"","",false
"53cd4d1d-ec91-4c49-a400-9f9ddc74c27a","Industria - VIP UNISSEX","https://bit.ly/MDAccula_221125_Industria_VIP","95c67a6a-6a7e-4332-aab0-9c37d90531b5","https://nzbyyuqvhrwatmydxiag.supabase.co/storage/v1/object/public/event-images/1763735727885-1mc638.jpeg","Calendar","",0,true,1763766000,false,"2025-11-21T14:35:25.462628+00:00","2025-12-25T21:02:51.987617+00:00","🎟️ Retire sua CORTESIA pelo link:",true,"","b068c859-96a7-4c65-abac-7e1802b6a8dd",700,"","",false
"da1d9067-9d47-4bbb-8ebb-69eebdc611f9","🎭 De Repente Carnaval","https://bit.ly/MDAccula_DRC_VIP","bd915876-c621-4710-b9d6-e67b06b8156c","https://nzbyyuqvhrwatmydxiag.supabase.co/storage/v1/object/public/event-images/1770897658643-66ojqa.jpg","Calendar","",0,true,1771264800,false,"2026-02-12T12:01:57.719477+00:00","2026-02-14T14:30:24.941127+00:00","📄 Lista VIP pelo link",false,80,"3dd3e368-b1ec-40b6-a411-723778f66ca2",650,"","",false
"e272128e-604e-4fb9-8bba-b364933e8442","Só Track Boa 2026","https://www.ingresse.com/so-track-boa-festival-2026/","89af259e-32ec-4dda-b805-f9a2ba58da77","https://nzbyyuqvhrwatmydxiag.supabase.co/storage/v1/object/public/event-images/1770822521869-6d0qva.jpeg","Calendar","",7,true,1780758000,false,"2025-12-12T19:42:11.196532+00:00","2026-02-11T15:08:50.42225+00:00","🎟️ Compre pelo link",false,80,"a28ab2f7-bde6-43bc-86a7-c0acc1d63cca",650,"","",false
"b7f9343b-f702-4c24-b000-c7d2bc62df13","Parador Carnaval 2026 - Pacote","https://bit.ly/MDAccula_Carna26_Parador","bd915876-c621-4710-b9d6-e67b06b8156c","https://nzbyyuqvhrwatmydxiag.supabase.co/storage/v1/object/public/event-images/1763737793210-sm2fscl.jpeg","Calendar","",1,true,1771084800,false,"2025-11-21T15:10:01.98528+00:00","2026-02-14T15:20:06.275905+00:00","🎟️ Compre 5% OFF pelo link: ",false,"","f6fc52ca-2f98-437c-abd4-76c00a4c5851",700,"","",false
"59eba5a7-1578-4988-8c43-f7ec320c4065","Blog","/blog","bc385dc0-e65d-4232-b3e6-43abeb0a2da4","","BookOpen","",3,true,4,true,"2025-11-15T13:42:26.22438+00:00","2026-02-11T10:40:24.171686+00:00","",false,"","",700,"","",false
"62d80170-7e3e-46e2-8648-452b81fcf364","XxXperience 2026 ","https://bit.ly/MDAccula_2504_XxX","8f5bcf9f-8dc1-4f2f-b3b7-60d2f4f72816","https://nzbyyuqvhrwatmydxiag.supabase.co/storage/v1/object/public/event-images/1763646336549-42w1h.jpeg","Calendar","",10,true,1777125600,false,"2025-12-10T00:24:23.423125+00:00","2026-02-05T11:43:24.070024+00:00","🎟️ Compre pelo link: ",false,"","0c49b694-46fe-4680-862a-a5e1a0c22305",700,"","",false
"b6a5b9b7-be97-4efd-baea-68b3462a89fd","Corona apres. Antdot ","https://bit.ly/MDAccula_2012_Corona","e53696d1-d834-48da-a140-1feb43efd00d","https://nzbyyuqvhrwatmydxiag.supabase.co/storage/v1/object/public/event-images/1764254286230-6c8s1n.jpeg","Calendar","",0,true,1766253600,false,"2025-11-27T14:37:58.500806+00:00","2025-12-25T21:02:51.987617+00:00","🎟 Compre 5% OFF pelo link: ",false,"","969020e9-2b3f-42ca-a8d8-09d97405caca",700,"","",false
"40c572ae-5a88-4112-87fd-5b91092dbfb7","Contato","/contato","bc385dc0-e65d-4232-b3e6-43abeb0a2da4","","Mail","",14,true,5,true,"2025-11-15T13:42:26.22438+00:00","2026-02-13T06:32:16.298687+00:00","",false,"","",700,"","",false
"db6eee95-dd4a-4dec-9459-1afcf8e56d1b","🎭 De Repente Carnaval","https://bit.ly/MDAccula_DRC_VIP","bd915876-c621-4710-b9d6-e67b06b8156c","https://nzbyyuqvhrwatmydxiag.supabase.co/storage/v1/object/public/event-images/1770897658643-66ojqa.jpg","Calendar","",0,true,1772301600,false,"2026-02-12T12:02:18.212813+00:00","2026-02-14T14:30:30.990169+00:00","📄 Lista VIP pelo link",false,80,"fcb21284-fbf8-4b04-b5ed-ab8bda34bb07",650,"","",false
"f0931bb8-a541-4dcf-998a-f2c1cabf7449","Isla - Ilhabela apres. Bloco da Favorita","https://bit.ly/MDAccula_3012_Isla","67a9613d-824f-4dac-ad20-20ef1ff132e8","https://nzbyyuqvhrwatmydxiag.supabase.co/storage/v1/object/public/event-images/1765278359149-4ebb.jpeg","Calendar","",0,true,1767110400,false,"2025-12-09T11:08:46.095494+00:00","2025-12-25T21:02:51.987617+00:00","🎟️ Compre 5% OFF pelo link: ",false,"","17de0df6-4365-42e1-ab95-5a46a1e48d3f",700,"","",false
"7943c8bf-4726-4456-a2f2-0d980cf310a7","BOMA Carnario - Black Coffe","https://bit.ly/MDAccula_1402_BOMARJ","7a1d21a7-453c-4915-b22f-b432ae1b0c0a","https://nzbyyuqvhrwatmydxiag.supabase.co/storage/v1/object/public/link-thumbnails/54ca8234-8ada-4385-a68f-d790ba518aee.jpeg","Calendar","",275,true,1771722001,false,"2026-01-15T13:06:47.977151+00:00","2026-02-15T00:52:44.276608+00:00","🎟 Compre com DESCONTO pelo link:",false,80,"2e5bd1ea-2533-444f-b49a-42a619380d86",650,"","",false
"a4467315-757f-4498-ba7f-5b512569f538","DNA Art Car","https://bit.ly/MDAccula_0612_DNA","e53696d1-d834-48da-a140-1feb43efd00d","https://nzbyyuqvhrwatmydxiag.supabase.co/storage/v1/object/public/event-images/1763644639271-cokrid.jpeg","Calendar","",0,true,1765054800,false,"2025-11-20T13:17:28.661396+00:00","2025-12-25T21:02:51.987617+00:00","Compre com Desconto pelo link:",false,"","c5b5f81d-1bdc-4e66-97c2-527201cd732c",700,"","",false
"c8fec58c-6578-469c-917e-52c2f00b3a4f","Toca apres. Liu","https://bit.ly/MDAccula_1212_Toca","e53696d1-d834-48da-a140-1feb43efd00d","https://nzbyyuqvhrwatmydxiag.supabase.co/storage/v1/object/public/event-images/1763986362039-t4i6k.jpeg","Calendar","from-pink-500 to-rose-500",0,true,1765576800,false,"2025-11-24T12:12:44.464055+00:00","2025-12-25T21:02:51.987617+00:00","🎟️ Adquira seu VIP UNISSEX pelo link:",true,"","0591ad42-eb65-4852-a648-1576c1cc83a4",700,"","",false
"0dcb9d3b-18bd-450c-8a9e-253329322b8d","GV apres. Vintage Culture e+++","https://bit.ly/MDAccula_1402_GreenValley","8743ca78-8de4-4887-a8d2-2fd8728fabb7","https://nzbyyuqvhrwatmydxiag.supabase.co/storage/v1/object/public/event-images/1764682330919-3cpt8.jpg","Calendar","",108,true,1771102800,false,"2025-12-06T00:45:11.249292+00:00","2026-02-15T02:32:47.437292+00:00","‼️ TEMOS COM DESCONTO VIA PIX!!",false,"","2f7e09dd-1a3d-43f3-aa27-77a736afe188",700,"","",false
"bca68987-7c97-4f41-af7d-82c643db4b6e","Surreal 4 anos Festival","https://bit.ly/MDAccula_Surreal25","67a9613d-824f-4dac-ad20-20ef1ff132e8","https://nzbyyuqvhrwatmydxiag.supabase.co/storage/v1/object/public/event-images/1763640553019-jwve3k.jpg","Calendar","",0,true,1767049200,false,"2025-11-20T12:09:13.306564+00:00","2025-12-25T21:02:51.987617+00:00","Compre 5% OFF pelo link",false,"","5b374c42-8a6c-4eee-9e22-fc7a7c451757",700,"","",false
"5e7e5e7c-433d-42b7-a549-8e2ef3bdbff2","D.EDGE apres. FreakChic ","https://bit.ly/MDAccula_DEdge_listas","e53696d1-d834-48da-a140-1feb43efd00d","https://nzbyyuqvhrwatmydxiag.supabase.co/storage/v1/object/public/event-images/1764721040822-x0ojom.jpg","Calendar","",0,true,1765583940,false,"2025-12-09T19:34:10.330476+00:00","2025-12-25T21:02:51.987617+00:00","📄 Listas VIP Fem/Consuma Masc pelo link",false,"","844d1e53-a24f-4a93-b682-ef8bbc660e0e",700,"","",false
"7a09d8ad-04ad-4960-8eba-1db2ebbbce70","Parador apres. Antdot, Bruno Be e+++","https://bit.ly/MDAccula_1502_Parador","bd915876-c621-4710-b9d6-e67b06b8156c","https://nzbyyuqvhrwatmydxiag.supabase.co/storage/v1/object/public/event-images/1770822111019-g5okjf.png","Calendar","",2,true,1771171200,false,"2025-11-21T15:06:59.444386+00:00","2026-02-14T15:20:38.022949+00:00","🎟️ Compre 5% OFF pelo link: ",false,"","8e6d6388-6f43-44af-a79e-1218df1cdd87",700,"","",false
"bfc5261e-df3f-4faf-9b67-5dcbd6053f9f","BORIS BREJCHA - Reflections Tour","https://bit.ly/MDAccula_1912_BorisSP","e53696d1-d834-48da-a140-1feb43efd00d","https://nzbyyuqvhrwatmydxiag.supabase.co/storage/v1/object/public/event-images/1763986465874-zym8fc.jpeg","Calendar","from-zinc-900 to-neutral-950",27,true,1766181600,false,"2025-11-24T12:14:28.140865+00:00","2025-12-25T21:02:51.987617+00:00","🎟️ Compre LOTE ANTERIOR pelo link:",true,"","21ee495b-6960-448a-980c-39c1f21a89d6",700,"","",false
"fe75007e-db1e-45e2-98a5-401593592bd2","Parador apres. Dubdogz e+++","https://bit.ly/MDAccula_1602_Parador","0207c3d1-342a-4380-85a1-cf2daa14c4bc","https://nzbyyuqvhrwatmydxiag.supabase.co/storage/v1/object/public/event-images/1770822143308-0wtp7.png","Calendar","",6,true,1771257600,false,"2025-12-06T10:58:20.735801+00:00","2026-02-16T19:33:44.055724+00:00","🎟️ Compre 5% OFF pelo link:",false,"","83ea4273-42db-406f-ae6c-bdd81c693a34",700,"","",false
"4157aa68-2e33-4a52-a81c-337edb1dd2ba","SP Christmas","https://bit.ly/MDAccula_241225_SPChristmas","e53696d1-d834-48da-a140-1feb43efd00d","https://nzbyyuqvhrwatmydxiag.supabase.co/storage/v1/object/public/event-images/1765022348107-j4crsr.jpeg","Calendar","",4,true,1766613600,false,"2025-12-06T12:01:58.912936+00:00","2025-12-25T21:02:51.987617+00:00","🎟️ Compre pelo link: ",false,"","9e7b1f4c-f67c-4e06-a21e-ca5fc3b946a0",700,"","",false
"92b73f25-9bfa-4fae-82fb-2f20e7f96dab","Surreal Park - Beatport Live","https://bit.ly/MDAccula_Surreal25","e53696d1-d834-48da-a140-1feb43efd00d","https://nzbyyuqvhrwatmydxiag.supabase.co/storage/v1/object/public/event-images/1763562063166-fke68qt.jpeg","Calendar","",0,true,1764975600,false,"2025-11-19T14:21:18.278515+00:00","2025-12-25T21:02:51.987617+00:00","🎟️ Compre 5% OFF pelo link: ",false,"","ea164966-9fa4-432a-a9ab-6b6e8b1df38a",700,"","",false
"8ae2e610-c0e6-4c59-aae9-db5e3db36b02","D.EDGE Moving ","https://bit.ly/MDAccula_DEdge_listas","e53696d1-d834-48da-a140-1feb43efd00d","https://nzbyyuqvhrwatmydxiag.supabase.co/storage/v1/object/public/event-images/1765308936544-zlsfwci.jpg","Calendar","",0,true,1765497540,false,"2025-12-09T19:35:49.121919+00:00","2025-12-25T21:02:51.987617+00:00","📄 Listas VIP Fem/Consuma Masc pelo link:",false,"","c76223fb-a580-4fbf-917b-c0e530fb707a",700,"","",false
"13ae8138-d20e-4ea9-b366-5077f92e93b5","Isla - Ilhabela apres. Warung Tour","https://bit.ly/MDAccula_2812_Isla","0207c3d1-342a-4380-85a1-cf2daa14c4bc","https://nzbyyuqvhrwatmydxiag.supabase.co/storage/v1/object/public/event-images/1765278359149-4ebb.jpeg","Calendar","",0,true,1766937600,false,"2025-12-10T00:22:43.101756+00:00","2025-12-25T21:02:51.987617+00:00","🎟️ Compre 5% OFF pelo link:",false,"","9bc5f822-0bb9-4c4c-99fa-67682e9e5074",700,"","",false
"7c06fceb-0dde-4295-9e37-90290f39dc3d","D.EDGE SuperAfter","https://postcontrol.com.br/mdaccula/lista/dedge","95c67a6a-6a7e-4332-aab0-9c37d90531b5","https://nzbyyuqvhrwatmydxiag.supabase.co/storage/v1/object/public/event-images/1764210617333-ic9ybi.jpg","Calendar","",0,true,1764392400,false,"2025-11-27T02:30:01.623592+00:00","2025-12-25T21:02:51.987617+00:00","Lista VIP Fem / Social Masc",false,"","71071817-02d3-400f-99b4-e2ef8b9c01d9",700,"","",false
"7c09f276-5e1e-4482-a03d-759baee4259c","Nora En Pure in the Park","https://bit.ly/MDAccula_1911_NoraEnPure","95c67a6a-6a7e-4332-aab0-9c37d90531b5","https://nzbyyuqvhrwatmydxiag.supabase.co/storage/v1/object/public/event-images/1763561409606-inkqdl.jpeg","Calendar","",0,true,1763586000,false,"2025-11-19T14:10:21.109396+00:00","2025-12-25T21:02:51.987617+00:00","TEMOS PISTA POR $200 E BS POR $400 NO PIX!!",false,"","4f7aa855-b308-4ef1-abe4-690556a4fd31",700,"","",false
"83bd5150-27af-4248-824d-71d70dbf7731","DEDGE Reveillon","https://bit.ly/MDAccula_Reveillon26_Dedge","67a9613d-824f-4dac-ad20-20ef1ff132e8","https://nzbyyuqvhrwatmydxiag.supabase.co/storage/v1/object/public/event-images/1764155773301-d6fzw.jpeg","Calendar","",0,true,1767218400,false,"2025-11-26T11:15:59.961939+00:00","2025-12-25T21:02:51.987617+00:00","🎟️ Compre 15% OFF pelo link: ",false,"","2d48b96e-eb21-4a5e-a19a-0c766abd1e09",700,"","",false
"90b21cc9-f81e-43dc-adb1-5ff5efa47d97","Parador apres. Maneva Ao Vivo","https://bit.ly/MDAccula_2712_Parador","0207c3d1-342a-4380-85a1-cf2daa14c4bc","https://nzbyyuqvhrwatmydxiag.supabase.co/storage/v1/object/public/event-images/1764951299093-7fjudv.jpg","Calendar","",0,true,1766937600,false,"2025-12-06T10:56:57.842897+00:00","2025-12-25T21:02:51.987617+00:00","🎟️ Compre 5% OFF pelo link:",false,"","fdd1694d-4c17-4faa-aee0-487b3dd72f82",700,"","",false
"1e59db4a-bdff-49f1-8fbe-eda737a5fb3e","Parador apres. Chemical Surf e+++","https://bit.ly/MDAccula_301225_Parador","67a9613d-824f-4dac-ad20-20ef1ff132e8","https://nzbyyuqvhrwatmydxiag.supabase.co/storage/v1/object/public/event-images/1764951299093-7fjudv.jpg","Calendar","",0,true,1767110400,false,"2025-12-05T16:18:32.770483+00:00","2025-12-25T21:02:51.987617+00:00","🎟️ Compre 5% OFF pelo link: ",false,"","eba9c247-af12-41d8-9e8c-2038127de537",700,"","",false
"b2a907b0-4ec6-4562-825f-094a9c993ffe","GV apres. Camelphat, Artbat e+++","https://bit.ly/MDAccula_1602_GreenValley","8743ca78-8de4-4887-a8d2-2fd8728fabb7","https://nzbyyuqvhrwatmydxiag.supabase.co/storage/v1/object/public/event-images/1764682389512-0947v7.jpg","Calendar","",85,true,1771275600,false,"2025-12-06T00:45:12.625152+00:00","2026-02-17T01:25:42.991456+00:00","‼️ TEMOS COM DESCONTO VIA PIX!!",false,"","6cbe986a-e74c-4d1e-b492-2a40d95bcfa3",700,"","",false
"3f4c1fc4-33f7-4d44-8b4b-640b4051227b","🎭 De Repente Carnaval","https://bit.ly/MDAccula_DRC_VIP","bd915876-c621-4710-b9d6-e67b06b8156c","https://nzbyyuqvhrwatmydxiag.supabase.co/storage/v1/object/public/event-images/1770897658643-66ojqa.jpg","Calendar","",1,true,1771092000,false,"2026-02-12T12:01:05.596794+00:00","2026-02-14T14:30:09.703426+00:00","📄 Lista VIP pelo link",false,80,"af901380-6c9d-40a3-b1fc-a29678e665ee",650,"","",false
"dd02a950-447b-4425-837f-1c3f9d5d534c","DNA Art Car","https://bit.ly/MDAccula_1701_DNABC","8743ca78-8de4-4887-a8d2-2fd8728fabb7","https://nzbyyuqvhrwatmydxiag.supabase.co/storage/v1/object/public/event-images/1765901260375-mbf1uk.jpg","Calendar","",81,true,1768683600,false,"2025-12-16T16:17:50.422618+00:00","2026-01-17T19:14:09.451756+00:00","‼️ TEMOS COM DESCONTO VIA PIX!!",false,80,"32852322-7009-4872-afe0-9f7f1520dee6",650,"","",false
"dd5cdde7-7255-44d8-be1f-a13edd264a31","GV apres. Adam Beyer, Joris Voorn e+++","https://bit.ly/MDAccula_1001_GreenValley","57ff6618-6288-42e7-aa04-55311db22f8b","https://nzbyyuqvhrwatmydxiag.supabase.co/storage/v1/object/public/event-images/1764682283150-qes0kg.jpg","Calendar","",2,true,1768075200,false,"2025-12-02T13:30:54.699875+00:00","2026-01-10T22:45:28.923019+00:00","‼️ TEMOS COM DESCONTO VIA PIX!!",false,"","4c943116-533e-4b2b-924e-86e6bbd6d44e",700,"","",false
"c61ec88c-d8e8-4beb-82f9-fee4d3de897c","🛥️ D-Nox On Board","https://bit.ly/MDAccula_1502_DNoxBoard","bd915876-c621-4710-b9d6-e67b06b8156c","https://nzbyyuqvhrwatmydxiag.supabase.co/storage/v1/object/public/event-images/1769798440645-549nyb.jpeg","Calendar","",5,true,1771174800,false,"2026-01-30T18:40:50.868304+00:00","2026-02-10T02:16:50.240639+00:00","Scuna Sul Centro - Florianópolis/SC",false,80,"4c8ff057-04b0-4411-ad14-debba2984a2e",650,"","",false
"36a1ec0e-6898-44df-befc-74d0045ce382","Parador apres. Reveillon Open Bar","https://bit.ly/MDAccula_311225_Parador","0207c3d1-342a-4380-85a1-cf2daa14c4bc","https://nzbyyuqvhrwatmydxiag.supabase.co/storage/v1/object/public/event-images/1764951299093-7fjudv.jpg","Calendar","",2,true,1767218400,false,"2025-12-06T10:57:08.317804+00:00","2025-12-30T21:19:28.152416+00:00","🎟️ Compre 5% OFF pelo link:",false,"","184ec32e-0454-4b07-a296-1ea2d16ff7f6",700,"","",false
"29f1f109-87e7-4e90-bf7f-0192ab53535a","GV apres. Adam Port e +++","https://bit.ly/MDAccula_3012_GreenValley","8743ca78-8de4-4887-a8d2-2fd8728fabb7","https://nzbyyuqvhrwatmydxiag.supabase.co/storage/v1/object/public/event-images/1764681858827-vbpbus.jpg","Calendar","",25,true,1,false,"2025-12-06T00:44:48.113988+00:00","2026-01-05T13:11:16.946281+00:00","‼️ TEMOS COM DESCONTO VIA PIX!!",false,"","99315f28-6b7a-4375-a21b-a587112e92fa",700,"","",false
"324f8a6d-c939-4b66-8fce-994d4883c6a6","👾 Klandestine","https://bit.ly/MDAccula_1403_Klandestine","ef8db98f-39a9-48db-9fb8-05b33ebc408c","https://nzbyyuqvhrwatmydxiag.supabase.co/storage/v1/object/public/event-images/1771456952353-fkk2hx.jpeg","Calendar","",1,true,1773525600,false,"2026-02-02T19:47:29.124726+00:00","2026-02-19T16:25:56.546938+00:00","🎟️ Compre pelo link: ",false,80,"785519a3-9828-4e6e-9cfe-7e234c9b0ad5",650,"","",false
"16b47a66-b2b7-4341-96aa-db2cecf13d65","Isla - Ilhabela apres. Bloco da Favorita","https://bit.ly/MDAccula_3012_Isla","0207c3d1-342a-4380-85a1-cf2daa14c4bc","https://nzbyyuqvhrwatmydxiag.supabase.co/storage/v1/object/public/event-images/1765278359149-4ebb.jpeg","Calendar","",0,true,1767110400,false,"2025-12-10T00:22:39.783889+00:00","2025-12-25T21:02:51.987617+00:00","🎟️ Compre 5% OFF pelo link:",false,"","17de0df6-4365-42e1-ab95-5a46a1e48d3f",700,"","",false
"6d83fd82-ce5c-423e-9b48-bc1e77568fe0","D.EDGE FreakChic","https://postcontrol.com.br/mdaccula/lista/dedge","95c67a6a-6a7e-4332-aab0-9c37d90531b5","https://nzbyyuqvhrwatmydxiag.supabase.co/storage/v1/object/public/event-images/1764210485111-xubtgv.jpg","Calendar","",0,true,1764374340,false,"2025-11-27T02:27:48.995648+00:00","2025-12-25T21:02:51.987617+00:00","Moving",false,"","08d48fa1-2e2e-4921-8413-4dcf82fd17c0",700,"","",false
"7ac0d9d8-0cbd-4cd4-ad72-86bdbdda8511","Sasha & John Digweed","https://bit.ly/MDAccula_0512_SeJD","e53696d1-d834-48da-a140-1feb43efd00d","https://nzbyyuqvhrwatmydxiag.supabase.co/storage/v1/object/public/event-images/1763562653208-4i0l1c.jpeg","Calendar","",0,true,1764972000,false,"2025-11-19T14:31:05.014504+00:00","2025-12-25T21:02:51.987617+00:00","🎟️ Compre pela TARJA ROXA pelo link:",false,"","96318e4e-939a-47ca-80f6-af610307014e",700,"","",false
"0084b778-db0a-49c8-9032-6893fd49090c","GV apres. Adam Port e +++","https://bit.ly/MDAccula_3012_GreenValley","67a9613d-824f-4dac-ad20-20ef1ff132e8","https://nzbyyuqvhrwatmydxiag.supabase.co/storage/v1/object/public/event-images/1764681858827-vbpbus.jpg","Calendar","",0,true,1767103200,false,"2025-12-02T13:23:50.034477+00:00","2025-12-25T21:02:51.987617+00:00","‼️ TEMOS COM DESCONTO VIA PIX!!",false,"","99315f28-6b7a-4375-a21b-a587112e92fa",700,"","",false
"cb1e4d10-a2c8-48aa-bb08-211c87480c30","D.EDGE apres. FreakChic","https://bit.ly/MDAccula_DEdge_listas","dd88fff8-b138-44a3-bcf4-1139823049ac","https://nzbyyuqvhrwatmydxiag.supabase.co/storage/v1/object/public/link-thumbnails/33ee05a9-24f8-42c4-a705-6ea88d902f35.jpg","Calendar","",4,true,1,false,"2025-12-09T19:36:02.207281+00:00","2026-02-10T14:48:32.677413+00:00","📄 Listas VIP Fem/Consuma Masc pelo link",false,"","844d1e53-a24f-4a93-b682-ef8bbc660e0e",700,"","",false
"70800016-1057-466d-b9c8-2d59ed12731d","TimeWarp 2026","https://bit.ly/MDAccula_TimeWarp2026","dc8b1140-4b65-40da-b47f-33722b603be0","https://nzbyyuqvhrwatmydxiag.supabase.co/storage/v1/object/public/event-images/1770822544501-mpbc7j.jpeg","Calendar","",15,true,1777665600,false,"2025-12-15T14:10:57.052934+00:00","2026-02-18T12:03:48.334002+00:00","🎟️ Compre pelo link",false,80,"fab4b0ac-7ab7-4876-bea1-c3bf6a21ec2d",650,"","",false
"194721b9-4756-48d2-a2f1-295911cc49e1","BORIS BREJCHA - Reflections Tour Curitiba","https://bit.ly/MDAccula_2012_BorisCWB","e53696d1-d834-48da-a140-1feb43efd00d","https://nzbyyuqvhrwatmydxiag.supabase.co/storage/v1/object/public/event-images/1763986541614-7aihu.jpeg","Calendar","",1,true,1766242800,false,"2025-11-24T12:15:41.888055+00:00","2025-12-25T21:02:51.987617+00:00","🎟️ Compre LOTE ANTERIOR pelo link: ",false,"","0c889ef0-65ff-4d33-b641-19ce652cd773",700,"","",false
"7a399b89-45a7-4463-b256-874593dc02ab","Abracadabra","https://bit.ly/MDAccula_2012_Abracadabra","e53696d1-d834-48da-a140-1feb43efd00d","https://nzbyyuqvhrwatmydxiag.supabase.co/storage/v1/object/public/event-images/1764155863642-iqqc3wd.jpeg","Calendar","",5,true,1766253600,false,"2025-11-26T11:17:39.673812+00:00","2025-12-25T21:02:51.987617+00:00","🎟️ Compre com DESCONTO pelo link: ",false,"","849e3e08-ab66-40e1-b7be-869c071a08c8",700,"","",false
"c634ee93-a088-4fc1-8cae-0de4598d0e6b","TimeWarp 2026","https://bit.ly/MDAccula_TimeWarp2026","dc8b1140-4b65-40da-b47f-33722b603be0","https://nzbyyuqvhrwatmydxiag.supabase.co/storage/v1/object/public/event-images/1771246719990-bdu6c.jpeg","Calendar","",3,true,1777752000,false,"2025-12-15T14:12:27.47831+00:00","2026-02-16T12:58:45.758152+00:00","🎟️ Compre pelo link",false,80,"d09eb0d7-52b7-4983-bbb2-f0c4c1e60069",650,"","",false
"15598e19-4adf-42c4-96da-cf4f7dd7b129","D.EDGE apres. SuperAfter","https://bit.ly/MDAccula_DEdge_listas","dd88fff8-b138-44a3-bcf4-1139823049ac","https://nzbyyuqvhrwatmydxiag.supabase.co/storage/v1/object/public/event-images/1765308861113-rd3ciq.jpg","Calendar","",2,true,3,false,"2025-12-09T19:36:05.742824+00:00","2026-02-10T14:48:33.222107+00:00","📄 Listas VIP Fem/Consuma Masc pelo link",false,"","9125118d-246c-4ea2-9fce-f8847d6aa785",700,"","",false
"f683d31d-b766-4e29-a2c7-564977c641f7","BOMA Carnario apres. Vintage Culture, Whomadewho 🇩🇰","https://bit.ly/MDAccula_200226_BOMARJ","7a1d21a7-453c-4915-b22f-b432ae1b0c0a","https://nzbyyuqvhrwatmydxiag.supabase.co/storage/v1/object/public/event-images/1768481921708-udvibr.jpg","Calendar","",374,true,1771624800,false,"2026-01-15T13:06:57.185954+00:00","2026-02-19T17:08:15.847728+00:00","🎟 Compre com DESCONTO pelo link:",false,80,"7e1896fb-b05d-4dea-a9a0-880e30ef70de",650,"","",false
"61a0f8cc-fa53-4484-90e4-3abb80bde748","Grupo Benefícios Club D.EDGE SP","https://mdaccula.com/r/GrupoDEDGE2_TP","bc385dc0-e65d-4232-b3e6-43abeb0a2da4","https://nzbyyuqvhrwatmydxiag.supabase.co/storage/v1/object/public/link-thumbnails/55cea223-8370-4d87-9b51-872b1c6c2201.jpeg","ExternalLink","from-indigo-500 to-purple-500",807,true,0,false,"2026-01-09T16:44:40.837027+00:00","2026-02-19T17:10:44.851979+00:00","Cortesias e Listas Sociais Club D.EDGE",false,"","",700,"","",true
"d64d9d36-2602-4795-be57-08e318122020","GV apres. The Martinez Brothers , ANNA e+++","https://bit.ly/MDAccula_2712_GreenValley","8743ca78-8de4-4887-a8d2-2fd8728fabb7","https://nzbyyuqvhrwatmydxiag.supabase.co/storage/v1/object/public/event-images/1764681777769-iin3r.jpg","Calendar","",24,true,0,false,"2025-12-10T00:33:07.926175+00:00","2026-01-05T13:11:16.385684+00:00","‼️ TEMOS COM DESCONTO VIA PIX!!",false,"","734f87f2-e101-48d1-836c-adb0ef8fd1ba",700,"","",false
"d17f53ab-314d-4281-9459-52725c44198b","MESS","https://bit.ly/MDAccula_1701_MESS","57ff6618-6288-42e7-aa04-55311db22f8b","https://nzbyyuqvhrwatmydxiag.supabase.co/storage/v1/object/public/event-images/1768048060669-u3ronv.jpeg","Calendar","",4,true,1768705140,false,"2026-01-10T12:27:30.092135+00:00","2026-01-17T05:14:10.333819+00:00","📄 Lista SOCIAL pelo link:",false,80,"65ccfbd1-8635-47d5-a681-b70d2b901196",650,"","",false
"3f763a87-b14a-4246-86ce-8e703e0e5520","Isla - Ilhabela apres. Mochakk","https://bit.ly/MDAccula_2912_Isla","67a9613d-824f-4dac-ad20-20ef1ff132e8","https://nzbyyuqvhrwatmydxiag.supabase.co/storage/v1/object/public/event-images/1765278359149-4ebb.jpeg","Calendar","",2,true,1767024000,false,"2025-12-09T11:07:44.353993+00:00","2025-12-29T19:19:03.979988+00:00","🎟️ Compre 5% OFF pelo link: ",false,"","7f540bb4-ff56-478a-bdc6-ebce8cd584c7",700,"","",false
"167ec2c6-225f-4f9a-8a9e-b21bc18121ad","GV apres. Vintage Culture e+++","https://bit.ly/MDAccula_1402_GreenValley","bd915876-c621-4710-b9d6-e67b06b8156c","https://nzbyyuqvhrwatmydxiag.supabase.co/storage/v1/object/public/event-images/1764682330919-3cpt8.jpg","Calendar","",8,true,1771102800,false,"2025-12-02T13:31:42.055883+00:00","2026-02-14T15:16:39.158904+00:00","‼️ TEMOS COM DESCONTO VIA PIX!!",false,"","2f7e09dd-1a3d-43f3-aa27-77a736afe188",700,"","",false
"b4e1bea3-d31a-494b-b440-f7ca43271cb1","Industria apres. Gabe, Victor Lou e +","https://bit.ly/MDAccula_0602_Industria","bd915876-c621-4710-b9d6-e67b06b8156c","https://nzbyyuqvhrwatmydxiag.supabase.co/storage/v1/object/public/event-images/1765491689903-pkb9jb.jpg","Calendar","",17,true,1770418800,false,"2025-12-11T22:38:03.84999+00:00","2026-02-06T16:33:24.764318+00:00","🎟️ Compre pelo link:",false,80,"0a0f7178-426f-430b-8bdc-403d4702865d",650,"","",false
"d88e48d1-7e31-4de3-9b09-2b311abacc45","DEDGE Reveillon","https://bit.ly/MDAccula_Reveillon26_Dedge","dd88fff8-b138-44a3-bcf4-1139823049ac","https://nzbyyuqvhrwatmydxiag.supabase.co/storage/v1/object/public/event-images/1764155773301-d6fzw.jpeg","Calendar","",4,true,4,false,"2025-12-06T10:52:53.643234+00:00","2026-02-10T14:48:33.493079+00:00","🎟️ Compre 15% OFF pelo link:",false,"","2d48b96e-eb21-4a5e-a19a-0c766abd1e09",700,"","",false
"e8a254f0-f8f9-46e1-8d9b-7cfe587856a5","🟣 After Oficial Bloco do Dre","postcontrol.com.br/mdaccula/lista/afterdre1604","8f5bcf9f-8dc1-4f2f-b3b7-60d2f4f72816","https://nzbyyuqvhrwatmydxiag.supabase.co/storage/v1/object/public/event-images/1771039522132-dg53yv.jpeg","Calendar","",0,true,1771264800,false,"2026-02-14T03:26:09.641341+00:00","2026-02-17T20:25:33.36792+00:00","🚨 LISTA VIP UNISSEX!!",false,80,"ae6afbc9-7ee5-45eb-b5f4-4a60230f6de9",650,"","",false
"620016ed-20b4-42e3-b524-d45a2b2be6b5","Vintage Culture - Ribeirão Preto","https://bit.ly/MDAccula_2911_VintageRP","95c67a6a-6a7e-4332-aab0-9c37d90531b5","https://nzbyyuqvhrwatmydxiag.supabase.co/storage/v1/object/public/event-images/1763646422817-88rf04.jpeg","Calendar","",0,true,1764446400,false,"2025-11-20T13:47:11.642231+00:00","2025-12-25T21:02:51.987617+00:00","🎟️ Compre 10% OFF pelo link: ",false,"","7cc390f7-9156-4903-9980-65627526f018",700,"","",false
"c265a0d9-36dc-4cd0-a6a4-617f7ad692bc","Parador apres. Reveillon Open Bar","https://bit.ly/MDAccula_311225_Parador","67a9613d-824f-4dac-ad20-20ef1ff132e8","https://nzbyyuqvhrwatmydxiag.supabase.co/storage/v1/object/public/event-images/1764951299093-7fjudv.jpg","Calendar","",0,true,1767218400,false,"2025-12-05T16:20:01.887434+00:00","2025-12-25T21:02:51.987617+00:00","🎟️ Compre 5% OFF pelo link: ",false,"","184ec32e-0454-4b07-a296-1ea2d16ff7f6",700,"","",false
"4c11e060-4f55-46e3-b00f-df0884e5a35a","D.EDGE","https://bit.ly/MDAccula_DEdge_listas","57ff6618-6288-42e7-aa04-55311db22f8b","https://nzbyyuqvhrwatmydxiag.supabase.co/storage/v1/object/public/event-images/1768083255686-x132h7.jpeg","Calendar","",16,true,1769299140,false,"2026-01-10T22:13:54.484214+00:00","2026-01-24T05:17:58.271856+00:00","📄 Listas VIP Fem/Consuma Masc pelo link",false,80,"6ad1d060-45d7-4246-97f3-de39e4936b7c",650,"","",false
"f05abd41-0fc5-4db7-b739-e661de2fd09f","D.EDGE Nave","https://postcontrol.com.br/mdaccula/lista/dedge","95c67a6a-6a7e-4332-aab0-9c37d90531b5","https://nzbyyuqvhrwatmydxiag.supabase.co/storage/v1/object/public/event-images/1764210539395-lqwh3h.jpg","Calendar","",0,true,1764374340,false,"2025-11-27T02:28:43.147984+00:00","2025-12-25T21:02:51.987617+00:00","Lista VIP Fem / Social Masc",false,"","6938ff53-2c30-42b8-8ffe-8c09b26fb695",700,"","",false
"68ff85d4-64ad-4e97-97af-18bc243382b3","Eventos","/eventos","bc385dc0-e65d-4232-b3e6-43abeb0a2da4","","Calendar","",255,true,3,true,"2025-11-15T13:42:26.22438+00:00","2026-02-18T21:51:13.680329+00:00","",false,"","",700,"","",false
"69891044-bcfc-4354-a2f7-2d1c5c2f3414","Corona apres. Malive","https://bit.ly/MDAccula_3101_Corona","57ff6618-6288-42e7-aa04-55311db22f8b","https://nzbyyuqvhrwatmydxiag.supabase.co/storage/v1/object/public/link-thumbnails/0612e9b2-9405-49b9-a96f-cca9db86c7a4.jpeg","Calendar","",1,true,1769882400,false,"2026-01-12T11:02:10.391225+00:00","2026-01-31T20:06:19.616014+00:00","🎟 Compre 5% OFF pelo link:",false,80,"ba0d2f0f-cd5c-4d4f-9b43-868aefe15011",650,"","",false
"9ed0f63b-4628-46f1-ab02-acfe6fb8fe74","Parador Carnaval 2026 - Pacote","https://bit.ly/MDAccula_Carna26_Parador","0207c3d1-342a-4380-85a1-cf2daa14c4bc","https://nzbyyuqvhrwatmydxiag.supabase.co/storage/v1/object/public/event-images/1763737793210-sm2fscl.jpeg","Calendar","",9,true,1771084800,false,"2025-12-06T10:58:19.119677+00:00","2026-02-14T15:20:06.275905+00:00","🎟️ Compre 5% OFF pelo link:",false,"","f6fc52ca-2f98-437c-abd4-76c00a4c5851",700,"","",false
"888de3ba-5adf-43fb-a0bd-03b6ea3568c0","Grupo Exclusivo Agencia MDAccula (Geral)","https://mdaccula.com/r/GrupoExclusivo6_TP","bc385dc0-e65d-4232-b3e6-43abeb0a2da4","https://nzbyyuqvhrwatmydxiag.supabase.co/storage/v1/object/public/link-thumbnails/55cea223-8370-4d87-9b51-872b1c6c2201.jpeg","ExternalLink","from-indigo-500 to-purple-500",362,true,1,false,"2026-01-13T15:57:03.398683+00:00","2026-02-19T15:42:12.431614+00:00","Cortesias e Descontos",false,"","",700,"","",true