id,blog_post_id,source_urls,prompt_used,model_used,generated_at,template_id,input_tokens,output_tokens,total_tokens,image_tokens
"95e4d901-fea7-441d-9356-97cb02faef3b","241cdfcb-956b-4fde-bed5-5cffb68d99e7","","Multi-Event Article: Parador Pascoa 2026 (3 eventos)","google/gemini-2.5-flash","2026-02-11T15:28:26.529868+00:00","",1250,3055,4305,""
"cc1775eb-9dc2-40e7-a586-a98888f2984d","52b8584e-35af-4f7c-85c4-dacbf0f3e200","","","google/gemini-2.5-flash","2025-11-19T12:42:56.214789+00:00","","","","",""
"e5877d1f-47ca-4d44-9023-cf5f8490878d","9f814749-93ec-43f1-9d5e-ca52172a24da","","","google/gemini-2.5-flash","2025-11-19T14:10:20.104652+00:00","b9f597c9-c8ff-4255-8a18-5b3724cfc731","","","",""
"cd421f8f-58d2-4fb4-bb72-b401ae2b3bdf","9b1caa2c-cdc8-47e7-b438-4e9e2a30e692","","Template: Sugestões Aleatórias - Cena Eletrônica | title: Moonphazes Remix: O Talento Brasileiro que Reimagi | summary: Conheça Moonphazes, o produtor brasileiro que conq | category: Produtores | keywords: Moonphazes, Benny Benassi, Satisfaction, remix, mú | mood: energético | visualElements: Foto do Moonphazes em estúdio, capa do single, ima","google/gemini-2.5-flash","2026-02-12T07:01:21.026907+00:00","7fe3924f-1420-4ec5-9305-8725afb7555f",1219,1245,2464,1630
"efc49be1-e94b-482e-94d2-96c609668a8e","11ebdbfb-26a1-48bd-9072-36b7ebb418a4","","Multi-Event Article: De Repente Carnaval 2026 SP (4 eventos)","google/gemini-2.5-flash","2026-02-12T12:03:33.244271+00:00","",1484,3882,5366,""
"af3b8883-8020-4afa-9a18-65ca3a17cb6f","a06d466c-0e6c-41b8-8078-a5db6ed3ba9e","","Multi-Event Article: Ame Laroc Festival Carnaval 2026 (3 eventos)","google/gemini-2.5-flash","2026-01-28T11:06:27.219327+00:00","",1476,4171,5647,""
"8263290f-8548-4eb7-a0df-09c8762cf8e8","4c23dae5-0385-4abc-ad1e-abb496d8df87","","","openai/gpt-5-mini","2025-12-09T11:03:48.011323+00:00","7fe3924f-1420-4ec5-9305-8725afb7555f",3313,2351,5664,1631
"ecfb7a61-5ae8-49a6-9a36-005c3c445b8a","5a605ca4-a611-4c15-8ab4-29a3641b5331","","","openai/gpt-5-mini","2025-12-09T12:03:48.179558+00:00","7fe3924f-1420-4ec5-9305-8725afb7555f",3781,2473,6254,1573
"e4b9169d-e03d-4c53-9d10-32fb48d21237","8a451569-144b-469b-96d2-d40f74cc815b","","","openai/gpt-5-mini","2025-12-09T13:03:56.809232+00:00","7fe3924f-1420-4ec5-9305-8725afb7555f",3793,2178,5971,1563
"84e0eca3-f464-4cba-b54f-4eada78d3232","fed8d750-ff49-42fd-9d1e-9c4dc95a5060","","","openai/gpt-5-mini","2025-12-09T14:03:35.39109+00:00","7fe3924f-1420-4ec5-9305-8725afb7555f",3316,1782,5098,1566
"57598bd7-fd99-4bc7-959e-8367cbd210e6","809f35e9-3cd8-44f0-a062-395a8794f285","","","openai/gpt-5-mini","2025-12-09T15:04:36.156297+00:00","7fe3924f-1420-4ec5-9305-8725afb7555f",3795,2853,6648,1562
"4dd11d5f-21b6-47be-939e-e07b25820687","a4bf069c-4248-4599-894d-5b2bb6d75ad4","","","openai/gpt-5-mini","2025-12-09T16:03:11.854882+00:00","7fe3924f-1420-4ec5-9305-8725afb7555f",915,2141,3056,1689
"7a89839e-82d2-4650-9c45-83e0736f1e75","876235b8-b410-463d-8d47-863e07997b69","","","openai/gpt-5-mini","2025-12-11T17:01:59.629418+00:00","7fe3924f-1420-4ec5-9305-8725afb7555f",847,1603,2450,1577
"a49234fa-e382-408a-85cf-8fe47bf0d5e5","508877b6-93bf-4064-b862-d45973f27eb9","","","openai/gpt-5-mini","2025-12-11T22:31:06.149854+00:00","b9f597c9-c8ff-4255-8a18-5b3724cfc731",1333,2391,3724,""
"d7619c43-1aaf-4f81-a567-5e228af54568","ed1c7bf6-af44-4257-9c12-bdd43e4f16e5","","","openai/gpt-5-mini","2025-12-12T17:45:52.534209+00:00","b9f597c9-c8ff-4255-8a18-5b3724cfc731",1338,2966,4304,""
"5d3484da-ea8f-410c-92ee-f941fee803b2","5e799652-c694-4279-a6d8-ed9ab6d67c57","","","openai/gpt-5-mini","2025-12-13T17:02:23.464643+00:00","7fe3924f-1420-4ec5-9305-8725afb7555f",870,2128,2998,1697
"3923ba22-27bc-44b5-a912-3d3871b80f73","9e8f9153-38ba-42c2-afdb-5a90400745e2","","Template: Evento Padrão | eventId: ae6afbc9-7ee5-45eb-b5f4-4a60230f6de9 | eventName: 🟣 After Oficial Bloco do Dre | eventDate: 2026-04-16 | eventTime: 18:00 | eventLocation: Side - São Paulo/SP | venue: Side | location: São Paulo, SP | genres: Open Format, Eletrônica | ticketLink: postcontrol.com.br/mdaccula/lista/afterdre1604 | description: VIP válido até as 21:00 ou até limite da casa | lineup: 🔊 Dre Guazzelli, Paul Lomax 🇪🇸, Caio & Kallel,  | eventImageUrl: https://nzbyyuqvhrwatmydxiag.supabase.co/storage/v","google/gemini-2.5-flash","2026-02-14T03:26:07.929219+00:00","b9f597c9-c8ff-4255-8a18-5b3724cfc731",1639,792,2431,""
"d11e849a-4210-474d-a5a0-9bc01f4c09bb","4767aed4-eb3a-4bf4-a4d5-2609d3b8adfe","","Template: Sugestões Aleatórias - Cena Eletrônica | title: RMX-IGNITE: A revolução dos efeitos ao vivo para D | summary: A AlphaTheta lançou o RMX-IGNITE, um novo efetor q | category: Tecnologia | keywords: AlphaTheta, RMX-IGNITE, efeitos DJ, live performan | mood: futurista | visualElements: Imagens do RMX-IGNITE em ação, gráficos futuristas","google/gemini-2.5-flash","2026-01-29T02:00:55.995459+00:00","7fe3924f-1420-4ec5-9305-8725afb7555f",1096,1224,2320,1673
"9dc01302-cccd-4e7d-969f-796c0d9af3f8","119bff69-4132-4f6e-b534-afb182af056f","","Template: Sugestões Aleatórias - Cena Eletrônica | title: Carnaval Eletrônico do Rio: BOMA Leva Eli Iwasa e  | summary: O BOMA transforma o Museu do Amanhã em um palco vi | category: Festivais | keywords: Carnaval Eletrônico, Rio de Janeiro, BOMA, Eli Iwa | mood: Energético | visualElements: Imagens futuristas do Museu do Amanhã com projeçõe","google/gemini-2.5-flash","2026-02-14T09:00:41.909966+00:00","7fe3924f-1420-4ec5-9305-8725afb7555f",1695,1459,3154,1575
"fc77daa8-22b0-4d89-8397-40d7299cac29","3614065b-0bfb-478a-a7dc-dcc2068669b4","","Template: Sugestões Aleatórias - Cena Eletrônica | title: Quando o Bass House cruza fronteiras: Avi Sic & Co | summary: A parceria entre Avi Sic e Costel van Dein em “No  | category: Lançamentos | keywords: Bass House, Avi Sic, Costel van Dein, Farris Wheel | mood: energético | visualElements: subwoofers, crowd pulsing, DJ booth, waveform","openai/gpt-5-mini","2026-01-12T15:01:59.232517+00:00","7fe3924f-1420-4ec5-9305-8725afb7555f",993,1925,2918,1605
"1a95e621-bbd9-4b76-92d9-94db720aa3df","1fa63d19-f043-4393-b5f2-268e295dd3a0","","Multi-Event Article: BOMA Carna Rio 2026 (6 eventos)","openai/gpt-5-mini","2026-01-15T16:29:08.804746+00:00","",1237,3085,4322,""
"f40a8bb4-ead6-4758-86cd-a078c015c5a2","1f1b4ad8-2ff0-4900-b5e1-1169dfdc4ff3","","Multi-Event Article: DEDGE São Paulo (4 eventos)","openai/gpt-5-mini","2026-01-15T17:35:30.294696+00:00","",1281,4513,5794,""
"62cae09e-2880-408f-91df-4ac42e40327d","","","Multi-Event Article: DEDGE SP (4 eventos)","openai/gpt-5-mini","2026-01-15T17:24:01.339529+00:00","",1063,4185,5248,""
"e4e110af-2a61-4641-8348-6f6fdeecdfe2","","","Multi-Event Article: Parador Maresias Carnaval (4 eventos)","openai/gpt-5-mini","2026-01-15T19:47:15.016426+00:00","",1138,2826,3964,""
"5f7f1313-101a-4494-97b3-8a5ddb6f3ae6","","","Multi-Event Article (Regenerated): Parador Maresias Carnaval: programação e ingressos (4 eventos)","openai/gpt-5-mini","2026-01-15T22:13:09.607869+00:00","",1593,3564,5157,""
"54f6e3c3-a996-4c20-846c-4751aadeee6d","ffbfbe85-91ee-4e20-aabf-390fff9261eb","","Multi-Event Article: Parador Maresias Carnaval 2026 (3 eventos)","openai/gpt-5-mini","2026-01-15T22:17:27.745088+00:00","",1465,3250,4715,""
"129d9c52-6578-475b-b128-4ca166219d3d","a87cee62-9538-44f7-9167-b688c30fac6a","","Template: Sugestões Aleatórias - Cena Eletrônica | title: Ame Laroc Festival: A Experiência do Carnaval Além | summary: Explore como o Ame Laroc Festival se posiciona com | category: Festivais | keywords: Ame Laroc, Carnaval eletrônico, Valinhos, Festival | mood: Celebratório | visualElements: Pessoas dançando em um festival de música eletrôni","google/gemini-2.5-flash","2026-01-17T15:00:58.749313+00:00","7fe3924f-1420-4ec5-9305-8725afb7555f",2212,1540,3752,1598
"6f0e46dd-5707-40b3-b3a0-177214696226","90be677a-f41e-4f83-b559-fb1f14d72647","","Template: Sugestões Aleatórias - Cena Eletrônica | title: Do Rock ao Beat: Como Lollapalooza Brasil 2026 abr | summary: Com a confirmação de um line-up que anualmente se  | category: Festivais | keywords: Lollapalooza, festival, eletrônica, line-up, Brasi | mood: celebratório | visualElements: Pessoas dançando em um festival ao ar livre, laser","google/gemini-2.5-flash","2026-01-17T15:06:18.034987+00:00","7fe3924f-1420-4ec5-9305-8725afb7555f",2241,1371,3612,1546
"71a877df-148a-438e-9582-ab66bfc84e25","a53fe49e-0aba-4c73-919e-e5edb5ffd912","","Template: Sugestões Aleatórias - Cena Eletrônica | title: A batalha dos direitos autorais: X (antigo Twitter | summary: Analise o processo das grandes gravadoras contra a | category: Tecnologia | keywords: Elon Musk, X, Twitter, direitos autorais, gravador | mood: Introspectivo | visualElements: Ícone do X, notas musicais, cifras, balança da jus","google/gemini-2.5-pro","2026-01-21T00:51:50.913514+00:00","7fe3924f-1420-4ec5-9305-8725afb7555f",1037,3098,4135,""
"68934748-545e-43dd-9a3a-bf60aec36a75","39557ed0-c209-47c2-9fb1-382e73c4f0c6","","Template: Evento Padrão | eventName: 🐉 Warung Day Festival | title: 🐉 Warung Day Festival | eventLocation: Pedreira Paulo Leminski  - Curitiba - PR | venue: Pedreira Paulo Leminski  | eventDate: 2026-05-02 | eventTime: 12:00:00 | locationCity: Curitiba | locationState: PR | description: * Setores Pista, Área VIP e Experience\n* Estaciona | genres: House, Tech House, Progressive, Deep House, Techno | lineup: 🔊 Chambord, Charlotte De Witte 🇧🇪, Deep Dish 🇺 | ticketLink: https://bit.ly/MDAccula_0205_WarungDay | vipLink: https://api.whatsapp.com/send?phone=5511997819194& | eventImageUrl: https://nzbyyuqvhrwatmydxiag.supabase.co/storage/v | category: Eventos | tone: engaging","google/gemini-2.5-flash","2026-01-21T13:04:51.143556+00:00","b9f597c9-c8ff-4255-8a18-5b3724cfc731",1625,1206,2831,""
"be09c16d-a0af-42c0-b290-6052ba47a1cd","ab7de6bd-a13c-47ef-be9f-de1d99fdde8e","","Template: Evento Padrão | eventName: Corona apres. Malive | title: Corona apres. Malive | eventLocation: Písta 2002 - Campinas - SP | venue: Písta 2002 | eventDate: 2026-01-31 | eventTime: 18:00:00 | locationCity: Campinas | locationState: SP | description: Setores pista e área VIP | genres: Progressive, Tech House, House, Deep House | ticketLink: https://bit.ly/MDAccula_3101_Corona | vipLink: https://api.whatsapp.com/send?phone=5511997819194& | eventImageUrl: https://nzbyyuqvhrwatmydxiag.supabase.co/storage/v | category: Eventos | tone: engaging","google/gemini-2.5-flash","2026-01-21T13:11:22.35817+00:00","b9f597c9-c8ff-4255-8a18-5b3724cfc731",1552,915,2467,""
"87ea3a1b-9c5e-45d0-9af5-d92ae694b973","ca6e609f-8106-425c-be1d-1388a824b620","","Multi-Event Article: Carnaval na Cidade 2026 (4 eventos)","google/gemini-2.5-flash","2026-01-21T13:17:54.914491+00:00","",1487,4599,6086,""
"6effff69-004d-4f17-9d3e-52bb65dd939d","d941b3da-15b2-4db9-9931-da02456d280d","","Template: Sugestões Aleatórias - Cena Eletrônica | title: A Ascensão do Afro House no Brasil: Ritmos Ancestr | summary: Explore como o Afro House tem ganhado força na cen | category: Cultura | keywords: Afro House, música eletrônica brasileira, cultura  | mood: Energético | visualElements: Pessoas dançando em festa ao ar livre, DJs com tam","google/gemini-2.5-flash","2026-01-23T01:01:10.306905+00:00","7fe3924f-1420-4ec5-9305-8725afb7555f",1071,1114,2185,1585
"baa0511f-4c70-407e-8ce7-f85d310ce2b6","787a8a16-2167-4e96-97c0-0b9afd859a64","","Multi-Event Article: TimeWarp 2026 (2 eventos)","google/gemini-2.5-flash","2026-01-23T13:25:18.021266+00:00","",971,3147,4118,""
"2d4f6365-1ac3-4052-8ebd-dadb2da72b45","787a8a16-2167-4e96-97c0-0b9afd859a64","","Multi-Event Article (Regenerated): TimeWarp 2026: O Templo do Techno Resurge no Coração de São Paulo! (2 eventos)","google/gemini-2.5-flash","2026-01-23T13:29:37.916513+00:00","",982,3728,4710,""
"512b27c0-d85b-4b0b-b24c-b6d058c71adf","80323632-5d5f-48be-b7d4-779e86d81494","","Multi-Event Article: Odisséia Carnaval São paulo 2026 (2 eventos)","google/gemini-2.5-flash","2026-01-23T16:57:29.418294+00:00","",1162,3533,4695,""
"dbe73636-cecb-44f5-b134-81ed5b74e959","","","Template: Evento Padrão | title: Além do Club: Festas de Música Eletrônica em Espaç | eventName: Além do Club: Festas de Música Eletrônica em Espaç | summary: Investigamos a tendência crescente de festas e eve | category: Cultura | keywords: festas, eventos, espaços inusitados, música eletrô | mood: underground | visualElements: Fotos de festas em locais inesperados (museus, gal | formData: [object Object]","google/gemini-2.5-flash","2026-01-17T22:11:36.836447+00:00","b9f597c9-c8ff-4255-8a18-5b3724cfc731",2229,1011,3240,1635
"03e3f3a7-3a59-4c6f-b957-78134a4c2f4e","5a8bb4ce-4ceb-4c04-9dec-bdaa725d00cd","","Template: Sugestões Aleatórias - Cena Eletrônica | title: O Retorno do Luxo: Ketzal redefine a experiência e | summary: Punta del Este recebe Ketzal, um novo espaço que p | category: Cultura | keywords: Ketzal, Punta del Este, luxo, música eletrônica, v | mood: celebratório | visualElements: Imagens de alta qualidade do local, detalhes arqui","google/gemini-2.5-flash","2026-01-25T02:00:54.43823+00:00","7fe3924f-1420-4ec5-9305-8725afb7555f",1060,1375,2435,425
"7dcda1c2-c3ac-4c82-ac67-1727a553cbfd","bef54673-d1b8-4f05-ac8f-261bcc03bc95","","Template: Evento Padrão | eventId: e05748ed-07d5-4843-89b8-864bb4344d67 | eventName: 🟩 D.Edge Festival | 02/04 | 22h | eventDate: 2026-04-02 | eventTime: 22:00 | eventLocation: Komplexo Tempo - São Paulo/SP | venue: Komplexo Tempo | location: São Paulo, SP | genres: House, Progressive, Tech House, Techno, Deep House | ticketLink: https://bit.ly/MDAccula_0204_DedgeFest | description: * ⁠5 palcos \n* ⁠Estacionamento no local | lineup: 🔊 Carl Craig 🇺🇸 b2b Moodymann 🇺🇸, Nastia 🇺🇦 | eventImageUrl: https://nzbyyuqvhrwatmydxiag.supabase.co/storage/v","google/gemini-2.5-flash","2026-01-26T11:14:20.121206+00:00","b9f597c9-c8ff-4255-8a18-5b3724cfc731",1636,1148,2784,""
"b869bb68-9d45-4fd2-9a44-46b878821bf2","60375c20-db50-4db6-970f-d57597cae3fb","","Template: Evento Padrão | eventName: 🦒 Aurea - Lista VIP Unissex | title: 🦒 Aurea - Lista VIP Unissex | eventLocation: Espaço Taal - Barueri - SP | venue: Espaço Taal | eventDate: 2026-02-07 | eventTime: 22:00:00 | locationCity: Barueri | locationState: SP | description: * ⁠Cortesia válida até 00:00 - após fica $80\n* ⁠Es | genres: Progressive, House, Deep House | lineup: 🔊 Louie Cut 🇵🇹, Greg, Pricila Diaz, Crewcutz, N | ticketLink: https://bit.ly/MDAccula_0702_AureaVIP | vipLink: https://api.whatsapp.com/send?phone=5511999136884& | eventImageUrl: https://nzbyyuqvhrwatmydxiag.supabase.co/storage/v | category: Eventos | tone: engaging","google/gemini-2.5-flash","2026-01-26T11:48:45.269602+00:00","b9f597c9-c8ff-4255-8a18-5b3724cfc731",1619,936,2555,""
"0137c48a-fbeb-4d0c-b642-a361fd854097","c4d25dab-fe0f-4c4f-831d-8368602024e9","","Multi-Event Article: green valley carnaval 2026 (2 eventos)","google/gemini-2.5-flash","2026-01-26T11:51:02.107155+00:00","",1120,3193,4313,""
"65a40bfa-bc3c-45bc-b3a0-7f33f7b91936","6382741d-d205-475b-94a7-c7f72ff97765","","Template: Evento Padrão | eventName: A Liga | title: A Liga | eventLocation: Sonora Garden - São Paulo - SP | venue: Sonora Garden | eventDate: 2026-02-13 | eventTime: 22:00:00 | locationCity: São Paulo | locationState: SP | description: * Setores Pista, Área VIP e Backstage \n* ⁠Estacion | genres: Deep House, Tech House | lineup: Illusionize, Bruno Furlan, Juicce e+++ | ticketLink: https://bit.ly/MDAccula_1302_ALIGA | vipLink: https://api.whatsapp.com/send?phone=5511997819194& | eventImageUrl: https://nzbyyuqvhrwatmydxiag.supabase.co/storage/v | category: Eventos | tone: engaging | existingPostId: 6382741d-d205-475b-94a7-c7f72ff97765","google/gemini-2.5-flash","2026-01-26T12:08:45.453438+00:00","b9f597c9-c8ff-4255-8a18-5b3724cfc731",1600,1190,2790,""
"e43c20f3-6e83-49b7-b651-60e894384ede","52a0b6c1-31a2-4f9c-a956-76941c2f9e4d","","Template: Sugestões Aleatórias - Cena Eletrônica | title: Além dos Palcos: As Iniciativas Sociais e Ambienta | summary: Descubra como DJs renomados da cena eletrônica bra | category: Cultura | keywords: DJs, Brasil, responsabilidade social, sustentabili | mood: Inspirador | visualElements: Fotos de DJs em atividades sociais/ambientais, inf","google/gemini-2.5-flash","2026-01-27T02:01:44.865491+00:00","7fe3924f-1420-4ec5-9305-8725afb7555f",1056,1089,2145,2282
"089251a7-5f1b-433a-b0e2-307c8b448e49","535c2da6-3ae1-4fea-99ff-66b9af19aa83","","Template: Evento Padrão | eventId: e6edd234-2c0b-483d-810c-1f4085dc1334 | eventName: 🔵 Sirius | 21/03 | 20h | eventDate: 2026-03-21 | eventTime: 20:00 | eventLocation: Fazenda Moinho - Campo Limpo Paulista/SP | venue: Fazenda Moinho | location: Campo Limpo Paulista, SP | genres: Progressive, House, Tech House, Deep House | ticketLink: https://bit.ly/MDAccula_2103_Sirius | description: * Setores Pista e Área VIP\n* ⁠Estacionamento no lo | lineup: 🔊 Amine Edge 🇺🇸, Meriva, Tom Keller, Mandraks e | eventImageUrl: https://nzbyyuqvhrwatmydxiag.supabase.co/storage/v","google/gemini-2.5-flash","2026-01-28T10:57:34.687787+00:00","b9f597c9-c8ff-4255-8a18-5b3724cfc731",1641,879,2520,""
"a4bb8b12-0409-44a9-925f-d2c190164f8a","cc99a3a7-7ffd-4673-91b3-8ed05cca57d7","","","google/gemini-2.5-flash","2025-11-19T14:31:04.107814+00:00","b9f597c9-c8ff-4255-8a18-5b3724cfc731","","","",""
"81993f5c-93a1-4823-b114-01da656dc526","dde2b378-1f89-4ed7-8015-0b95776988f4","","Template: Evento Padrão | eventId: 4c8ff057-04b0-4411-ad14-debba2984a2e | eventName: 🛥️ D-Nox On Board | eventDate: 2026-02-15 | eventTime: 14:00 | eventLocation: Scuna Sul Centro - Florianópolis/SC | venue: Scuna Sul Centro | location: Florianópolis, SC | genres: Progressive, Tech House, House, Deep House | ticketLink: https://bit.ly/MDAccula_1502_DNoxBoard | description: * Evento Open Bar\n* ⁠6 horas de festa | lineup: 🔊 D-Nox long set e+++ | eventImageUrl: https://nzbyyuqvhrwatmydxiag.supabase.co/storage/v","google/gemini-2.5-flash","2026-01-30T18:40:49.243668+00:00","b9f597c9-c8ff-4255-8a18-5b3724cfc731",1597,1027,2624,""
"77ac24d3-1371-4a6a-ae31-ff25ad1c777f","a49562a6-ba4f-438b-b430-88cdbbf98ed8","","Template: Sugestões Aleatórias - Cena Eletrônica | title: Ricck e o Crescimento da Cena Nacional: O Impacto  | summary: Mergulhe na jornada de Ricck, que lança 'Beginner' | category: Lançamentos | keywords: Ricck, Beginner, Indie Beats, música eletrônica na | mood: Celebratório | visualElements: Foto de Ricck, capa do single 'Beginner', logo da ","google/gemini-2.5-flash","2026-01-31T03:01:02.838898+00:00","7fe3924f-1420-4ec5-9305-8725afb7555f",1081,1484,2565,1646
"8777524b-768c-4ab8-89dc-43b73a52673d","508877b6-93bf-4064-b862-d45973f27eb9","","Template: Evento Padrão | eventName: Industria apres. Gabe, Victor Lou e + | title: Industria apres. Gabe, Victor Lou e + | eventLocation: High Club - São Paulo - SP | venue: High Club | eventDate: 2026-02-06 | eventTime: 23:00:00 | locationCity: São Paulo | locationState: SP | description: * Setores Pista, Área VIP e Backstage\n* ⁠Estaciona | genres: House, Tech House, Progressive, Deep House | lineup: 🔊 Gabe, Victor Lou, Dang3r, Trasmpsta e+++ | ticketLink: https://bit.ly/MDAccula_0602_Industria | vipLink: https://api.whatsapp.com/send?phone=5511999136884& | eventImageUrl: https://nzbyyuqvhrwatmydxiag.supabase.co/storage/v | category: Eventos | tone: engaging | existingPostId: 508877b6-93bf-4064-b862-d45973f27eb9","google/gemini-2.5-flash","2026-02-01T15:31:06.64914+00:00","b9f597c9-c8ff-4255-8a18-5b3724cfc731",1602,994,2596,""
"6a17c615-443b-4488-94cf-ffd5c51b88b6","54ba07aa-951d-4b64-bcbe-89d7db6a44d1","","Template: Sugestões Aleatórias - Cena Eletrônica | title: Solomun Domina Londres: Uma Análise do Sucesso no  | summary: Solomun esgotou duas noites no icônico Alexandra P | category: Produtores | keywords: Solomun, Alexandra Palace, Londres, melodic house, | mood: Celebratório | visualElements: Fotos de Solomun perfomando, multidão eufórica, fa","google/gemini-2.5-flash","2026-02-02T03:00:51.627874+00:00","7fe3924f-1420-4ec5-9305-8725afb7555f",1057,1302,2359,312
"13ace782-d245-4839-8478-55b1713d29c3","6064ebdd-5a49-4937-93fd-122247de789e","","Template: Evento Padrão | eventId: 785519a3-9828-4e6e-9cfe-7e234c9b0ad5 | eventName: 👾 Klandestine | eventDate: 2026-03-14 | eventTime: 22:00 | eventLocation: Fabriketa - São Paulo/SP | venue: Fabriketa | location: São Paulo, SP | genres: Progressive, Tech House, Deep House | ticketLink: https://bit.ly/MDAccula_1403_Klandestine | description: * ⁠20% OFF na early entrance\n* Va de Uber\n* Setore | lineup: 🔊 Tiga 🇨🇦, Acraze 🇺🇸, Richy Ahmed 🇬🇧 b2b Re | eventImageUrl: https://nzbyyuqvhrwatmydxiag.supabase.co/storage/v","google/gemini-2.5-flash","2026-02-02T19:47:27.172752+00:00","b9f597c9-c8ff-4255-8a18-5b3724cfc731",1019,1038,2057,""
"e3c22f74-5711-42a8-9704-fb8cac892daf","2466d1e6-15da-473b-bcba-88bf7ed67c58","","Multi-Event Article: DEDGE DRETE Carnaval 2026 (3 eventos)","google/gemini-2.5-flash","2026-02-03T13:08:10.004179+00:00","",1322,4451,5773,""
"fa654ed3-af00-4d8b-9eea-4702bdf039ec","dac003c3-f1e1-4bf6-a05c-3a351d3b0efe","","Template: Sugestões Aleatórias - Cena Eletrônica | title: A Ascensão do Psy-Techno: Como um Híbrido Transfor | summary: Explore a fusão inovadora do psytrance com o techn | category: Cultura | keywords: psy-techno, psytrance, techno, Beatport, subgênero | mood: futurista | visualElements: sintetizadores modulares, imagens psicodélicas, la","google/gemini-2.5-flash","2026-02-04T04:01:05.669912+00:00","7fe3924f-1420-4ec5-9305-8725afb7555f",458,1927,2385,1564
"2ac12d5f-a222-4a0b-9802-90854a7b50c8","07468cab-d666-4d73-9dc0-390d2e938d1e","","Template: Evento Padrão | title: Consequências: Multa Milionária no Vale do Anhanga | eventName: Consequências: Multa Milionária no Vale do Anhanga | summary: A concessionária do Vale do Anhangabaú foi multada | category: Cultura | keywords: Vale do Anhangabaú, multa, Boris Brejcha, eventos  | mood: introspectivo | visualElements: Imagens do Vale do Anhangabaú, detalhes da notific | formData: [object Object]","google/gemini-2.5-flash","2026-02-04T10:13:06.819145+00:00","b9f597c9-c8ff-4255-8a18-5b3724cfc731",1590,1150,2740,1643
"1bb1f7ea-57bf-46cc-9fef-d4ebc54ddd94","fbd36ef6-d337-42b0-91aa-a12479bd29bc","","Template: Evento Padrão | eventId: 6361b6cd-d285-4ad7-9ada-3f1c20c021d5 | eventName: 🌷 Sábado Dre tarde | eventDate: 2026-03-07 | eventTime: 15:00 | eventLocation: Clube Esperia - São Paulo/SP | venue: Clube Esperia | location: São Paulo, SP | genres: House, Progressive | ticketLink: https://bit.ly/MDAccula_0703_DreTarde | description: * ⁠Somente setor pista\n* ⁠Estacionamento no local\n | lineup: 🔊 Dre Guazzelli e+++ | eventImageUrl: https://nzbyyuqvhrwatmydxiag.supabase.co/storage/v","google/gemini-2.5-flash","2026-02-04T10:56:25.398608+00:00","b9f597c9-c8ff-4255-8a18-5b3724cfc731",1631,874,2505,""
"b83f34dd-d7bb-43a7-8b63-7f20ca7cb9dc","263c83c0-f0c7-4a45-8e68-808695ff2701","","Template: Evento Padrão | eventId: 7519c8ad-9ab3-496d-a6e6-093dc44046e6 | eventName: 💥 Caos apres. Illusionize | eventDate: 2026-02-28 | eventTime: 22:00:00 | eventLocation: Caos Club - Campinas/SP | venue: Caos Club | location: Campinas, SP | genres: House, Tech House, Deep House, Progressive | ticketLink: https://bit.ly/MDAccula_2802_Caos | description: * Setores pista e backstage\n* ⁠Estacionamento no l | lineup: 🔊 Illusionize, Eli Iwasa, Liame e Nott | eventImageUrl: https://nzbyyuqvhrwatmydxiag.supabase.co/storage/v","google/gemini-2.5-flash","2026-02-04T11:00:31.235055+00:00","b9f597c9-c8ff-4255-8a18-5b3724cfc731",1636,921,2557,""
"27ec68d7-47d9-4c24-a316-7e9f482ba5e9","2109b255-8a1a-40ab-9dba-a38a9f4690b8","","Template: Sugestões Aleatórias - Cena Eletrônica | title: Além do Padrão: Como a Austrália Cia sua Própria B | summary: Mergulhe na cena eletrônica australiana e descubra | category: Cultura | keywords: música eletrônica, Austrália, cena musical, isolam | mood: autêntico, exploratório, vibrante | visualElements: paisagens australianas, DJs em festivais ao ar liv","google/gemini-2.5-flash","2026-02-06T05:01:13.374896+00:00","7fe3924f-1420-4ec5-9305-8725afb7555f",1197,1484,2681,1571
"e39cd6af-e11a-4c3c-a72a-4f4ba9549cc2","c87954fa-a4d1-4a82-8649-2146a7992270","","Template: Evento Padrão | eventName: 🏢 Warehouse | title: 🏢 Warehouse | eventLocation: Sonora Garden - São Paulo - SP | venue: Sonora Garden | eventDate: 2026-04-17 | eventTime: 22:00:00 | locationCity: São Paulo | locationState: SP | genres: House, Progressive, Deep House | lineup: 🔊 Laurent Garnier 🇫🇷 e+++ | ticketLink: https://bit.ly/MDAccula_1704_Warehouse | vipLink: https://api.whatsapp.com/send?phone=5511997819194& | eventImageUrl: https://nzbyyuqvhrwatmydxiag.supabase.co/storage/v | category: Eventos | tone: engaging","google/gemini-2.5-flash","2026-02-07T13:24:59.492495+00:00","b9f597c9-c8ff-4255-8a18-5b3724cfc731",2188,883,3071,""
"cf9c142e-88a8-4ca2-b05a-036f6acdfc2f","2cb9840c-37f7-4de2-b465-92111f9a22d9","","Template: Sugestões Aleatórias - Cena Eletrônica | title: A Ascensão do Afro House no Brasil: Ritmos Ancestr | summary: Explore a crescente popularidade do Afro House no  | category: Cultura | keywords: Afro House, música eletrônica brasileira, DJs, pro | mood: Celebratório | visualElements: Dançarinos tribais, cores quentes, elementos natur","google/gemini-2.5-flash","2026-02-08T06:01:01.786942+00:00","7fe3924f-1420-4ec5-9305-8725afb7555f",1189,1381,2570,1569
"f6f03ae7-fd04-462d-bb7a-dcd4eb5b1cdd","0dcf01f1-8160-4a8c-ae25-74fc2f6fa4ee","","Template: Sugestões Aleatórias - Cena Eletrônica | title: LE YORA: Radiohead em Batidas Eletrônicas e a Vers | summary: Explore a surpreendente releitura oficial de 'Ever | category: Produtores | keywords: LE YORA, Radiohead, releitura, fusão de gêneros, p | mood: Introspectivo | visualElements: Foto do LE YORA em estúdio com detalhes de sinteti","google/gemini-2.5-flash","2026-02-10T07:00:53.738898+00:00","7fe3924f-1420-4ec5-9305-8725afb7555f",1732,1333,3065,1582
"d3956a03-5d4b-4d0c-a40e-50129ec230ef","0b22cc49-75b9-4329-b68d-7906449e0e1c","","","google/gemini-2.5-flash","2025-11-19T18:04:35.155799+00:00","b9f597c9-c8ff-4255-8a18-5b3724cfc731","","","",""
"9e5756bb-0a59-4754-9f27-95902ecf6ab7","6109f5d5-f4b1-4062-96a3-784d5483d6ba","","","google/gemini-2.5-flash","2025-11-20T10:50:29.328613+00:00","b9f597c9-c8ff-4255-8a18-5b3724cfc731","","","",""
"3d7e0548-1577-4f3b-accc-1f51fd01e965","755a6632-8d9b-4271-86e2-4e825d37aa76","","Template: Evento Padrão | eventId: cd72c31e-ae0e-4a4d-9bab-feaa5dbba9ca | eventName: 💥 Caos apres. Blackartel | eventDate: 2026-03-06 | eventTime: 22:00:00 | eventLocation: Caos Club - Campinas/SP | venue: Caos Club | location: Campinas, SP | genres: House, Tech House, Deep House, Progressive | ticketLink: https://bit.ly/MDAccula_0603_Caos | description: * Setores pista e backstage\n* ⁠Estacionamento no l | lineup: 🔊 Victor Lou, Visage, Flux Zone e+++ | eventImageUrl: https://nzbyyuqvhrwatmydxiag.supabase.co/storage/v","google/gemini-2.5-flash","2026-02-10T15:09:36.455697+00:00","b9f597c9-c8ff-4255-8a18-5b3724cfc731",2164,910,3074,""
"40ca7be0-c7a4-4180-878a-d9945062d8aa","43ed685c-d771-4c98-a432-359ce749e4ba","","Template: Sugestões Aleatórias - Cena Eletrônica | title: Residências Intimistas: Como Microfestas Estão Red | summary: Reportagem sobre a ascensão de microfestas e resid | category: Eventos | keywords: microfestas,residências,curadoria local,nights,cen | mood: underground | visualElements: fotos de ambientes pequenos com iluminação quente,","openai/gpt-5-mini","2026-02-19T00:01:45.511096+00:00","7fe3924f-1420-4ec5-9305-8725afb7555f",581,2446,3027,1578
"ac47e971-6cab-4c38-8009-42a511222d6b","0ee6cb37-6a90-4712-ad24-80f19aaa91a7","","","google/gemini-2.5-flash","2025-11-19T14:12:24.983648+00:00","b9f597c9-c8ff-4255-8a18-5b3724cfc731","","","",""
"e2a81c47-59e7-45a6-86fb-dc9723e82444","bebd5881-1d85-4d20-93c2-4b9e2cfe8071","","","google/gemini-2.5-flash","2025-11-19T14:21:17.347876+00:00","b9f597c9-c8ff-4255-8a18-5b3724cfc731","","","",""
"1eec373a-35d1-447d-b77e-48bd84d0db97","c878149b-ff26-4f8b-8afa-7b4c786da974","","","google/gemini-2.5-flash","2025-11-20T11:05:21.85334+00:00","b9f597c9-c8ff-4255-8a18-5b3724cfc731","","","",""
"08ed94be-0abc-48e0-ac2e-fe712108097a","fc96ef19-2ea9-4878-ba52-76a950f4e4ca","","","google/gemini-2.5-flash","2025-11-20T11:34:56.252102+00:00","7fe3924f-1420-4ec5-9305-8725afb7555f","","","",""
"9e1714c0-f4f2-4df0-a0df-cf2f894bd766","6eef0e13-5d93-4833-a64c-22690f756b77","","","google/gemini-2.5-flash","2025-11-20T12:01:13.921871+00:00","7fe3924f-1420-4ec5-9305-8725afb7555f","","","",""
"637d6fdb-6a3d-4b6c-a7b7-4c9c9795d68e","461a5adc-fb08-4fca-9da2-418a21210802","","","google/gemini-2.5-flash","2025-11-20T12:13:10.637331+00:00","b9f597c9-c8ff-4255-8a18-5b3724cfc731","","","",""
"fc3c6a66-fb7b-4e47-86a9-9f4ce398e871","b61fd4bc-a700-44c8-a098-bd01a9cbc4a7","","","google/gemini-2.5-flash","2025-11-20T13:17:27.623005+00:00","b9f597c9-c8ff-4255-8a18-5b3724cfc731","","","",""
"59c2aa3d-669b-424b-ac89-faff11cc00bd","84b8935f-7a54-4f2b-9c3b-c87e052c531b","","","google/gemini-2.5-flash","2025-11-20T13:45:47.95881+00:00","b9f597c9-c8ff-4255-8a18-5b3724cfc731","","","",""
"4df196c3-5399-4c01-ad49-df0436cf22c7","aef2b467-69ac-4819-9ac8-e41310cade33","","","google/gemini-2.5-flash","2025-11-20T13:47:10.678443+00:00","b9f597c9-c8ff-4255-8a18-5b3724cfc731","","","",""
"7c711ca7-7eae-4781-b200-2183487eb27d","80905d60-419a-4a25-8c5c-cf04f341798d","","","google/gemini-2.5-flash","2025-11-20T13:53:10.140787+00:00","b9f597c9-c8ff-4255-8a18-5b3724cfc731","","","",""
"00664720-fddc-457c-bf38-5423bc7d7466","c7472758-5ec2-486c-9f31-4fd8fb7a9eba","","","openai/gpt-5-mini","2025-12-09T11:01:41.401144+00:00","7fe3924f-1420-4ec5-9305-8725afb7555f",2876,2987,5863,1561
"fa456646-93cf-4b03-a173-2bd5f1b93c3e","d5f3fdd8-2013-4257-9ab5-fa6ee9fc16f1","","","google/gemini-2.5-flash","2025-11-21T14:33:55.503272+00:00","b9f597c9-c8ff-4255-8a18-5b3724cfc731","","","",""
"6bcfb973-86a4-4226-b52e-aab9ee6e1fbf","bc82dcad-248d-4d98-88cb-34e6bc93a693","","","google/gemini-2.5-flash","2025-11-21T15:10:00.99035+00:00","b9f597c9-c8ff-4255-8a18-5b3724cfc731","","","",""
"d2dae8d9-3561-49e4-9a5d-d1c3addb777b","7127f7a7-5cd9-4e2f-8a51-dda1e91e74a3","","","google/gemini-2.5-flash","2025-11-24T12:12:43.105199+00:00","b9f597c9-c8ff-4255-8a18-5b3724cfc731","","","",""
"fcd33933-aa4f-4e31-aa52-988dc7d4c07a","450a25d1-a4cf-4461-89e7-f044654a0d3a","","","google/gemini-2.5-flash","2025-11-24T12:15:40.669009+00:00","b9f597c9-c8ff-4255-8a18-5b3724cfc731","","","",""
"a215864d-ad29-49fd-bf1c-cb5f927f1ef1","d8b3c705-e149-4e26-b15f-a2e1ce4b7ae2","","","google/gemini-2.5-flash","2025-11-25T17:05:02.809314+00:00","b9f597c9-c8ff-4255-8a18-5b3724cfc731",896,1074,1970,""
"c21e12ce-f00a-49c9-be5f-3c117cbbe073","6159c854-c996-4a3a-bfaa-058bd1aa8b74","","","google/gemini-2.5-flash","2025-11-26T11:17:38.075809+00:00","b9f597c9-c8ff-4255-8a18-5b3724cfc731",887,931,1818,""
"746eb260-5d87-48a2-b399-502a66e832e8","ab8aed2f-927b-4705-95b6-5e247f5e26f7","","","google/gemini-2.5-flash","2025-11-27T02:25:25.627211+00:00","b9f597c9-c8ff-4255-8a18-5b3724cfc731",862,934,1796,""
"8e330ab0-3a29-460a-8f60-6b1d149b6a15","544c0c1a-1830-4348-95ce-654551534dd9","","","google/gemini-2.5-flash","2025-11-27T12:27:17.18412+00:00","b9f597c9-c8ff-4255-8a18-5b3724cfc731",888,915,1803,""
"211eb31c-bbf6-4043-afc0-45bcd381ed45","e8351ea7-0544-4a2a-8447-1ad124d100c2","","","google/gemini-2.5-flash","2025-11-27T14:37:57.429123+00:00","b9f597c9-c8ff-4255-8a18-5b3724cfc731",887,1086,1973,""
"fed80f1d-1f73-4d08-a765-30b9bf329e56","27b79ad2-33a1-44f2-abdd-5b33d7631c62","","","openai/gpt-5-mini","2025-12-02T23:35:29.629948+00:00","7fe3924f-1420-4ec5-9305-8725afb7555f",758,2564,3322,""
"fb6c024d-6108-4547-968f-41ecd4cf53a1","afe7f14b-8f14-4fa8-8e17-2585c944df32","","","openai/gpt-5-mini","2025-12-04T11:43:11.353743+00:00","7fe3924f-1420-4ec5-9305-8725afb7555f",849,2285,3134,""
"8a4c84b2-d086-42bf-ba7f-9864e3678a20","1ad63af4-d650-4000-b3ac-78210b830b5c","","","openai/gpt-5-mini","2025-12-04T12:08:27.069589+00:00","7fe3924f-1420-4ec5-9305-8725afb7555f",853,2700,3553,""
"debd0d4d-74dd-44d6-bf9d-f6b2d8ede272","9bf02220-49e9-4dcc-8b7a-4100371de621","","","openai/gpt-5-mini","2025-12-04T12:28:24.295059+00:00","7fe3924f-1420-4ec5-9305-8725afb7555f",3913,1917,5830,1384
"adb1b3e1-169a-49fb-b88a-2aec634287c5","b47385bb-887a-4050-9e5a-201354dd07ad","","","openai/gpt-5-mini","2025-12-04T12:51:15.718679+00:00","7fe3924f-1420-4ec5-9305-8725afb7555f",3898,1802,5700,1386
"35a6c6dd-ef82-4297-81c5-a47626431cc6","a57a0e2c-1ca1-4608-8f49-de5aeb1c79af","","","openai/gpt-5-mini","2025-12-06T12:02:18.363698+00:00","b9f597c9-c8ff-4255-8a18-5b3724cfc731",4227,3094,7321,""
"d7bae8bc-e229-499a-b1f9-d96bbe31e9f7","ab83b0ca-2b76-46db-b6c4-fdccefdcea8f","","","openai/gpt-5-mini","2025-12-09T11:01:02.398421+00:00","7fe3924f-1420-4ec5-9305-8725afb7555f",3806,2054,5860,1565
"79320ff3-2401-46bb-acea-5ccd6bc89b60","0e147f87-d587-42a2-8ff7-7df3b0981889","","","openai/gpt-5-mini","2025-12-15T18:02:47.492652+00:00","7fe3924f-1420-4ec5-9305-8725afb7555f",889,2524,3413,1684
"b366a5da-bd00-43a3-8e2f-39b344a69d3f","94cf9ed2-b6ee-401d-80e1-7b1032c3a5be","","","openai/gpt-5-mini","2025-12-16T16:09:53.581788+00:00","b9f597c9-c8ff-4255-8a18-5b3724cfc731",1367,3315,4682,""
"13e3ad6f-6361-44cf-846d-059c9b3382a2","edec511e-bdf2-40c7-a75b-0540446a3441","","","openai/gpt-5-mini","2025-12-17T19:03:35.346+00:00","7fe3924f-1420-4ec5-9305-8725afb7555f",879,2067,2946,1555
"032f9e8e-2b44-49be-9356-c1581bc6b60f","","","","openai/gpt-5-mini","2025-12-15T14:10:55.760456+00:00","b9f597c9-c8ff-4255-8a18-5b3724cfc731",1356,3113,4469,""
"4482658d-4322-42b0-88a4-39488fa2e09f","1d8c7bb4-459c-4221-b537-32250b4e2138","","","openai/gpt-5-mini","2025-12-19T20:02:53.256025+00:00","7fe3924f-1420-4ec5-9305-8725afb7555f",887,2478,3365,1608
"f3299f8e-3dff-4b17-8938-207b30d15924","90515e4a-f2ed-4aed-8c07-db6b3c11fa50","","","openai/gpt-5-mini","2025-12-21T21:02:22.228555+00:00","7fe3924f-1420-4ec5-9305-8725afb7555f",880,1828,2708,1592
"bf023717-140c-4d34-b159-48a2401fff4b","2512ff0c-cc52-4b70-aeb0-64e9be66b596","","","openai/gpt-5-mini","2025-12-22T12:39:50.896652+00:00","b9f597c9-c8ff-4255-8a18-5b3724cfc731",1375,2064,3439,""
"76945521-8568-426e-9cf3-9436a764ed1a","c6709b47-4615-41e4-aa20-821e12b527eb","","","openai/gpt-5-mini","2025-12-22T16:22:52.594449+00:00","b9f597c9-c8ff-4255-8a18-5b3724cfc731",1375,2274,3649,""
"0914ed65-1524-4946-9b19-1ddb720df259","4bbd6341-6f06-4479-a1f1-5670cf54d467","","","openai/gpt-5-mini","2025-12-23T21:03:01.805349+00:00","7fe3924f-1420-4ec5-9305-8725afb7555f",902,3605,4507,1557
"402e51ff-e7de-4629-9255-1c0137bd71f3","e9b54bf9-d5b6-4a27-9f10-12f8373d2700","","","openai/gpt-5-mini","2026-01-06T12:03:37.136894+00:00","7fe3924f-1420-4ec5-9305-8725afb7555f",924,2871,3795,""
"1cd540f6-5881-4a88-b222-134436d6268e","","","","openai/gpt-5-mini","2026-01-07T13:19:06.129415+00:00","b9f597c9-c8ff-4255-8a18-5b3724cfc731",1359,2358,3717,269
"a33c628f-07f0-4cec-a110-2bf28855698f","a376b5d2-5dea-4da5-a8fa-35386e209905","","","openai/gpt-5-mini","2026-01-07T13:28:31.063372+00:00","b9f597c9-c8ff-4255-8a18-5b3724cfc731",1439,2345,3784,""
"60fd0697-886f-43b8-a242-d7d728e75d5a","","","","openai/gpt-5-mini","2026-01-07T13:30:41.785588+00:00","b9f597c9-c8ff-4255-8a18-5b3724cfc731",1420,2864,4284,""
"5a4c292c-a80e-411a-8166-e4501eba6223","a376b5d2-5dea-4da5-a8fa-35386e209905","","","openai/gpt-5-mini","2026-01-07T13:41:21.583419+00:00","b9f597c9-c8ff-4255-8a18-5b3724cfc731",1433,2952,4385,""
"cd856c5b-5597-4213-9e3f-2526bc0edf10","6382741d-d205-475b-94a7-c7f72ff97765","","","openai/gpt-5-mini","2026-01-07T13:42:58.409168+00:00","b9f597c9-c8ff-4255-8a18-5b3724cfc731",1414,2507,3921,""
"ce3dc05b-6910-410b-b6d1-a0c22bcab793","e5af9b70-e423-47f8-8592-334c842e125f","","","openai/gpt-5-mini","2026-01-07T13:44:26.400599+00:00","b9f597c9-c8ff-4255-8a18-5b3724cfc731",1413,2052,3465,""
"18cd4e4e-a051-4de5-8d37-f13372cdeeae","01777ff1-1931-4968-a81e-b9b66bd1f486","","","openai/gpt-5-mini","2026-01-07T13:55:04.454493+00:00","b9f597c9-c8ff-4255-8a18-5b3724cfc731",1417,2981,4398,""
"8efa559e-f386-4a2b-9f25-a8e30c972856","bda9f02f-1105-47ee-90d6-5c803c23aed9","","","openai/gpt-5-mini","2026-01-07T14:14:18.412298+00:00","b9f597c9-c8ff-4255-8a18-5b3724cfc731",1444,2210,3654,""
"0a7572e2-1ebb-4169-aad8-fe93cf6d53fd","ee7672d8-b5b6-457d-88d4-f5d1f7de96b9","","","openai/gpt-5-mini","2026-01-07T14:22:31.854929+00:00","b9f597c9-c8ff-4255-8a18-5b3724cfc731",1428,2448,3876,""
"e444933b-5f22-4403-86eb-d7a37704022c","ba4ed616-9c66-4249-bbf0-0d634f320f7e","","","openai/gpt-5-mini","2026-01-07T14:23:48.144637+00:00","b9f597c9-c8ff-4255-8a18-5b3724cfc731",1439,2671,4110,""
"066bb996-4287-4026-abe2-8742dc683a33","306c4112-8ae0-4346-9125-1bba6469280e","","","openai/gpt-5-mini","2026-01-07T14:32:16.599828+00:00","7fe3924f-1420-4ec5-9305-8725afb7555f",937,2741,3678,1545
"eb79c40b-34af-471c-8d51-d17dc47c0135","545a3963-7f95-4784-b41c-b761196a8446","","","openai/gpt-5-mini","2026-01-07T14:33:58.138159+00:00","7fe3924f-1420-4ec5-9305-8725afb7555f",933,2334,3267,1720
"38f179b4-e2a7-452c-84d1-b7da02546617","9c9b7b25-6db9-4114-a1be-b12fde3ad37c","","","openai/gpt-5-mini","2026-01-07T17:52:39.23022+00:00","7fe3924f-1420-4ec5-9305-8725afb7555f",938,1868,2806,1559
"d4defc6d-c6b8-4ce2-96a0-937f05c66ba5","596ccf2c-aba7-4134-a6a0-4c39fc0ae348","","","openai/gpt-5-mini","2026-01-07T18:18:17.84447+00:00","b9f597c9-c8ff-4255-8a18-5b3724cfc731",1428,2577,4005,""
"0d9f313a-bacd-4d0b-9ba6-464e0da33cc6","64992350-1b9d-45f2-a99c-4668b4776f2a","","","openai/gpt-5-mini","2026-01-07T18:19:51.451214+00:00","b9f597c9-c8ff-4255-8a18-5b3724cfc731",1433,2166,3599,""
"8a082db4-dc7b-42ca-9ef6-64bd9c8648d3","8d15e089-b731-41d6-b735-17a5117b6fff","","","openai/gpt-5-mini","2026-01-10T12:27:28.821817+00:00","b9f597c9-c8ff-4255-8a18-5b3724cfc731",1428,3083,4511,""
"9009aa7d-b4b1-4a53-a7f5-03ee3981b4ed","e016a0ec-7649-4f40-8f79-5de7d4cd0d3a","","","openai/gpt-5-mini","2026-01-10T22:13:53.321696+00:00","b9f597c9-c8ff-4255-8a18-5b3724cfc731",1454,2450,3904,""